0.33 negspouse(A,B)  :-  successor(A ,C) ,  successor(B ,D) ,  !C=D.
0.33 negspouse(A,B)  :-  successor(B ,C) ,  successor(A ,D) ,  !D=C.
0.325 negspouse(A,B)  :-  successor(C ,B) ,  successor(A ,D) ,  !D=C.
0.325 negspouse(A,B)  :-  successor(A ,C) ,  successor(D ,B) ,  !C=D.
0.325 negspouse(A,B)  :-  successor(C ,B) ,  successor(A ,D) ,  !C=D.
0.325 negspouse(A,B)  :-  successor(A ,C) ,  successor(D ,B) ,  !D=C.
0.295 negspouse(A,B)  :-  successor(A ,C) ,  spouse(B ,D) ,  !C=D.
0.29125 negspouse(A,B)  :-  predecessor(C ,B) ,  successor(A ,D) ,  !D=C.
0.29125 negspouse(A,B)  :-  successor(A ,C) ,  predecessor(D ,B) ,  !D=C.
0.29125 negspouse(A,B)  :-  predecessor(C ,B) ,  successor(A ,D) ,  !C=D.
0.29125 negspouse(A,B)  :-  successor(A ,C) ,  predecessor(D ,B) ,  !C=D.
0.29 negspouse(A,B)  :-  successor(C ,A) ,  successor(B ,D) ,  !C=D.
0.29 negspouse(A,B)  :-  successor(B ,C) ,  successor(D ,A) ,  !D=C.
0.28375 negspouse(A,B)  :-  successor(C ,B) ,  successor(D ,A) ,  !D=C.
0.28375 negspouse(A,B)  :-  successor(C ,A) ,  successor(D ,B) ,  !D=C.
0.28375 negspouse(A,B)  :-  successor(C ,B) ,  successor(D ,A) ,  !C=D.
0.28375 negspouse(A,B)  :-  successor(C ,A) ,  successor(D ,B) ,  !C=D.
0.26875 negspouse(A,B)  :-  predecessor(A ,C) ,  successor(D ,B) ,  !D=C.
0.26875 negspouse(A,B)  :-  successor(C ,B) ,  predecessor(A ,D) ,  !C=D.
0.26875 negspouse(A,B)  :-  successor(A ,C) ,  predecessor(B ,D) ,  !D=C.
0.26875 negspouse(A,B)  :-  predecessor(B ,C) ,  successor(A ,D) ,  !D=C.
0.26875 negspouse(A,B)  :-  predecessor(A ,C) ,  successor(D ,B) ,  !C=D.
0.26875 negspouse(A,B)  :-  successor(C ,B) ,  predecessor(A ,D) ,  !D=C.
0.26875 negspouse(A,B)  :-  successor(A ,C) ,  predecessor(B ,D) ,  !C=D.
0.26875 negspouse(A,B)  :-  predecessor(B ,C) ,  successor(A ,D) ,  !C=D.
0.2675 negspouse(A,B)  :-  predecessor(A ,C) ,  successor(B ,D) ,  !C=D.
0.2675 negspouse(A,B)  :-  successor(B ,C) ,  predecessor(A ,D) ,  !D=C.
0.26375 negspouse(A,B)  :-  successor(B ,C) ,  predecessor(D ,A) ,  !D=C.
0.26375 negspouse(A,B)  :-  predecessor(C ,A) ,  successor(B ,D) ,  !C=D.
0.2575 negspouse(A,B)  :-  predecessor(C ,B) ,  successor(D ,A) ,  !D=C.
0.2575 negspouse(A,B)  :-  successor(C ,A) ,  predecessor(D ,B) ,  !C=D.
0.2575 negspouse(A,B)  :-  predecessor(C ,B) ,  successor(D ,A) ,  !C=D.
0.2575 negspouse(A,B)  :-  successor(C ,A) ,  predecessor(D ,B) ,  !D=C.
0.25375 negspouse(A,B)  :-  successor(C ,B) ,  predecessor(D ,A) ,  !C=D.
0.25375 negspouse(A,B)  :-  predecessor(C ,A) ,  successor(D ,B) ,  !C=D.
0.25375 negspouse(A,B)  :-  successor(C ,B) ,  predecessor(D ,A) ,  !D=C.
0.25375 negspouse(A,B)  :-  predecessor(C ,A) ,  successor(D ,B) ,  !D=C.
0.24875 negspouse(A,B)  :-  predecessor(A ,C) ,  predecessor(D ,B) ,  !C=D.
0.24875 negspouse(A,B)  :-  parent(C ,B) ,  parent(A ,D) ,  !C=D.
0.24875 negspouse(A,B)  :-  parent(A ,C) ,  parent(D ,B) ,  !D=C.
0.24875 negspouse(A,B)  :-  predecessor(C ,B) ,  predecessor(A ,D) ,  !C=D.
0.24875 negspouse(A,B)  :-  predecessor(A ,C) ,  predecessor(D ,B) ,  !D=C.
0.24875 negspouse(A,B)  :-  predecessor(C ,B) ,  predecessor(A ,D) ,  !D=C.
0.24125 negspouse(A,B)  :-  successor(C ,A) ,  spouse(B ,D) ,  !C=D.
0.24125 negspouse(A,B)  :-  predecessor(A ,C) ,  spouse(D ,B) ,  !C=D.
0.24 negspouse(A,B)  :-  predecessor(A ,C) ,  spouse(B ,D) ,  !C=D.
0.2375 negspouse(A,B)  :-  successor(C ,A) ,  predecessor(B ,D) ,  !C=D.
0.2375 negspouse(A,B)  :-  predecessor(B ,C) ,  successor(D ,A) ,  !D=C.
0.2375 negspouse(A,B)  :-  successor(C ,A) ,  predecessor(B ,D) ,  !D=C.
0.2375 negspouse(A,B)  :-  predecessor(B ,C) ,  successor(D ,A) ,  !C=D.
0.23375 negspouse(A,B)  :-  predecessor(C ,B) ,  predecessor(D ,A) ,  !D=C.
0.23375 negspouse(A,B)  :-  predecessor(C ,A) ,  predecessor(D ,B) ,  !D=C.
0.23375 negspouse(A,B)  :-  predecessor(C ,B) ,  predecessor(D ,A) ,  !C=D.
0.23375 negspouse(A,B)  :-  predecessor(C ,A) ,  predecessor(D ,B) ,  !C=D.
0.22375 negspouse(A,B)  :-  predecessor(C ,A) ,  spouse(B ,D) ,  !C=D.
0.2225 negspouse(A,B)  :-  predecessor(C ,A) ,  spouse(D ,B) ,  !C=D.
0.22125 negspouse(A,B)  :-  predecessor(A ,C) ,  predecessor(B ,D) ,  !C=D.
0.22125 negspouse(A,B)  :-  predecessor(B ,C) ,  predecessor(A ,D) ,  !D=C.
0.22 negspouse(A,B)  :-  predecessor(B ,C) ,  predecessor(D ,A) ,  !C=D.
0.22 negspouse(A,B)  :-  predecessor(C ,A) ,  predecessor(B ,D) ,  !C=D.
0.22 negspouse(A,B)  :-  predecessor(B ,C) ,  predecessor(D ,A) ,  !D=C.
0.22 negspouse(A,B)  :-  predecessor(C ,A) ,  predecessor(B ,D) ,  !D=C.
0.1925 negspouse(A,B)  :-  parent(C ,A) ,  parent(B ,D) ,  !C=D.
0.18375 negspouse(A,B)  :-  successor(A ,C) ,  parent(D ,B) ,  !C=D.
0.18375 negspouse(A,B)  :-  parent(C ,B) ,  successor(A ,D) ,  !C=D.
0.18375 negspouse(A,B)  :-  successor(A ,C) ,  parent(D ,B) ,  !D=C.
0.18375 negspouse(A,B)  :-  parent(C ,B) ,  successor(A ,D) ,  !D=C.
0.1825 negspouse(A,B)  :-  successor(C ,B) ,  birthPlace(C ,D) ,  birthPlace(A ,D).
0.1825 negspouse(A,B)  :-  birthPlace(A ,C) ,  birthPlace(D ,C) ,  successor(D ,B).
0.18 negspouse(A,B)  :-  termPeriod(A ,C) ,  birthPlace(B ,D) ,  !C=D.
0.175 negspouse(A,B)  :-  termPeriod(A ,C) ,  successor(D ,B) ,  !C=D.
0.175 negspouse(A,B)  :-  successor(C ,B) ,  termPeriod(A ,D) ,  !D=C.
0.17125 negspouse(A,B)  :-  parent(A ,C) ,  parent(D ,C) ,  parent(D ,B).
0.17125 negspouse(A,B)  :-  parent(C ,B) ,  parent(C ,D) ,  parent(A ,D).
0.17 negspouse(A,B)  :-  parent(A ,B).
0.17 negspouse(A,B)  :-  termPeriod(B ,C) ,  birthPlace(A ,D) ,  !C=D.
0.16875 negspouse(A,B)  :-  birthPlace(B ,C) ,  birthPlace(D ,C) ,  parent(A ,D).
0.16875 negspouse(A,B)  :-  parent(A ,C) ,  birthPlace(C ,D) ,  birthPlace(B ,D).
0.1675 negspouse(A,B)  :-  successor(B ,C) ,  birthPlace(C ,D) ,  birthPlace(A ,D).
0.1675 negspouse(A,B)  :-  birthPlace(A ,C) ,  birthPlace(D ,C) ,  successor(B ,D).
0.16625 negspouse(A,B)  :-  birthPlace(A ,C) ,  birthPlace(D ,C) ,  parent(D ,B).
0.16625 negspouse(A,B)  :-  successor(B ,C) ,  termPeriod(A ,D) ,  !D=C.
0.16625 negspouse(A,B)  :-  termPeriod(A ,C) ,  successor(B ,D) ,  !C=D.
0.16625 negspouse(A,B)  :-  parent(C ,B) ,  birthPlace(C ,D) ,  birthPlace(A ,D).
0.165 negspouse(A,B)  :-  birthPlace(B ,C) ,  birthPlace(A ,C).
0.165 negspouse(A,B)  :-  parent(A ,C) ,  deathPlace(C ,D) ,  deathPlace(B ,D).
0.165 negspouse(A,B)  :-  deathPlace(B ,C) ,  deathPlace(D ,C) ,  parent(A ,D).
0.16375 negspouse(A,B)  :-  birthPlace(B ,C) ,  birthPlace(D ,C) ,  successor(A ,D).
0.16375 negspouse(A,B)  :-  birthPlace(A ,C) ,  birthPlace(D ,C) ,  predecessor(D ,B).
0.16375 negspouse(A,B)  :-  predecessor(C ,B) ,  birthPlace(C ,D) ,  birthPlace(A ,D).
0.16375 negspouse(A,B)  :-  successor(A ,C) ,  birthPlace(C ,D) ,  birthPlace(B ,D).
0.1625 negspouse(A,B)  :-  parent(B ,C) ,  successor(A ,D) ,  !D=C.
0.1625 negspouse(A,B)  :-  successor(A ,C) ,  parent(B ,D) ,  !C=D.
0.1625 negspouse(A,B)  :-  parent(B ,C) ,  successor(A ,D) ,  !C=D.
0.1625 negspouse(A,B)  :-  termPeriod(A ,C) ,  predecessor(D ,B) ,  !C=D.
0.155 negspouse(A,B)  :-  parent(C ,B) ,  predecessor(A ,D) ,  !D=C.
0.155 negspouse(A,B)  :-  parent(C ,B) ,  parent(D ,A) ,  !D=C.
0.155 negspouse(A,B)  :-  predecessor(A ,C) ,  parent(D ,B) ,  !D=C.
0.155 negspouse(A,B)  :-  parent(C ,A) ,  parent(D ,B) ,  !C=D.
0.155 negspouse(A,B)  :-  parent(C ,B) ,  predecessor(A ,D) ,  !C=D.
0.155 negspouse(A,B)  :-  parent(C ,B) ,  parent(D ,A) ,  !C=D.
0.155 negspouse(A,B)  :-  predecessor(A ,C) ,  parent(D ,B) ,  !C=D.
0.155 negspouse(A,B)  :-  parent(C ,A) ,  parent(D ,B) ,  !D=C.
0.15375 negspouse(A,B)  :-  parent(A ,C) ,  successor(B ,D) ,  !C=D.
0.15125 negspouse(A,B)  :-  parent(A ,C) ,  predecessor(B ,D) ,  !D=C.
0.15125 negspouse(A,B)  :-  predecessor(B ,C) ,  parent(A ,D) ,  !C=D.
0.15 negspouse(A,B)  :-  successor(C ,A) ,  birthPlace(C ,D) ,  birthPlace(B ,D).
0.15 negspouse(A,B)  :-  birthPlace(B ,C) ,  birthPlace(D ,C) ,  successor(D ,A).
0.1475 negspouse(A,B)  :-  parent(A ,C) ,  successor(D ,B) ,  !D=C.
0.1475 negspouse(A,B)  :-  successor(C ,B) ,  parent(A ,D) ,  !C=D.
0.14625 negspouse(A,B)  :-  parent(C ,B) ,  deathPlace(C ,D) ,  deathPlace(A ,D).
0.14625 negspouse(A,B)  :-  deathPlace(A ,C) ,  deathPlace(D ,C) ,  parent(D ,B).
0.14625 negspouse(A,B)  :-  termPeriod(A ,C) ,  party(B ,D) ,  !C=D.
0.14625 negspouse(A,B)  :-  party(B ,C) ,  termPeriod(A ,D) ,  !D=C.
0.145 negspouse(A,B)  :-  termPeriod(B ,C) ,  successor(A ,D) ,  !C=D.
0.145 negspouse(A,B)  :-  successor(A ,C) ,  termPeriod(B ,D) ,  !D=C.
0.14375 negspouse(A,B)  :-  successor(C ,A) ,  termPeriod(B ,D) ,  !D=C.
0.14375 negspouse(A,B)  :-  termPeriod(B ,C) ,  successor(D ,A) ,  !C=D.
0.14125 negspouse(A,B)  :-  party(A ,C) ,  termPeriod(B ,D) ,  !D=C.
0.14125 negspouse(A,B)  :-  termPeriod(B ,C) ,  party(A ,D) ,  !C=D.
0.14 negspouse(A,B)  :-  predecessor(A ,C) ,  parent(B ,D) ,  !C=D.
0.14 negspouse(A,B)  :-  parent(B ,C) ,  predecessor(A ,D) ,  !D=C.
0.1375 negspouse(A,B)  :-  predecessor(A ,C) ,  birthPlace(C ,D) ,  birthPlace(B ,D).
0.1375 negspouse(A,B)  :-  birthPlace(B ,C) ,  birthPlace(D ,C) ,  predecessor(A ,D).
0.135 negspouse(A,B)  :-  parent(A ,C) ,  predecessor(D ,B) ,  !C=D.
0.1325 negspouse(A,B)  :-  termPeriod(A ,C) ,  spouse(B ,D) ,  !C=D.
0.13125 negspouse(A,B)  :-  predecessor(B ,C) ,  birthPlace(C ,D) ,  birthPlace(A ,D).
0.13125 negspouse(A,B)  :-  almaMater(B ,C) ,  almaMater(A ,D) ,  !D=C.
0.13125 negspouse(A,B)  :-  birthPlace(A ,C) ,  birthPlace(D ,C) ,  predecessor(B ,D).
0.13125 negspouse(A,B)  :-  almaMater(A ,C) ,  almaMater(B ,D) ,  !C=D.
0.13125 negspouse(A,B)  :-  almaMater(A ,C) ,  almaMater(B ,D) ,  !D=C.
0.13125 negspouse(A,B)  :-  almaMater(B ,C) ,  almaMater(A ,D) ,  !C=D.
0.13 negspouse(A,B)  :-  termPeriod(A ,C) ,  spouse(D ,B) ,  !C=D.
0.13 negspouse(A,B)  :-  predecessor(B ,C) ,  termPeriod(A ,D) ,  !D=C.
0.13 negspouse(A,B)  :-  termPeriod(A ,C) ,  predecessor(B ,D) ,  !C=D.
0.12875 negspouse(A,B)  :-  termPeriod(B ,C) ,  predecessor(D ,A) ,  !C=D.
0.1275 negspouse(A,B)  :-  parent(C ,B) ,  successor(D ,A) ,  !D=C.
0.1275 negspouse(A,B)  :-  parent(C ,B) ,  predecessor(D ,A) ,  !C=D.
0.1275 negspouse(A,B)  :-  predecessor(C ,A) ,  parent(D ,B) ,  !C=D.
0.1275 negspouse(A,B)  :-  successor(C ,A) ,  parent(D ,B) ,  !C=D.
0.1275 negspouse(A,B)  :-  parent(C ,B) ,  predecessor(D ,A) ,  !D=C.
0.1275 negspouse(A,B)  :-  predecessor(C ,A) ,  parent(D ,B) ,  !D=C.
0.12625 negspouse(A,B)  :-  predecessor(C ,A) ,  birthPlace(C ,D) ,  birthPlace(B ,D).
0.12625 negspouse(A,B)  :-  birthPlace(B ,C) ,  birthPlace(D ,C) ,  predecessor(D ,A).
0.125 negspouse(A,B)  :-  party(A ,C) ,  party(D ,C) ,  successor(B ,D).
0.125 negspouse(A,B)  :-  successor(B ,C) ,  party(C ,D) ,  party(A ,D).
0.12375 negspouse(A,B)  :-  almaMater(B ,C) ,  termPeriod(A ,D) ,  !D=C.
0.12375 negspouse(A,B)  :-  termPeriod(A ,C) ,  almaMater(B ,D) ,  !C=D.
0.1225 negspouse(A,B)  :-  deathPlace(A ,C) ,  deathPlace(D ,C) ,  successor(D ,B).
0.1225 negspouse(A,B)  :-  successor(C ,B) ,  deathPlace(C ,D) ,  deathPlace(A ,D).
0.1225 negspouse(A,B)  :-  termPeriod(B ,C) ,  termPeriod(A ,D) ,  !C=D.
0.11875 negspouse(A,B)  :-  predecessor(C ,B) ,  successor(C ,D) ,  successor(A ,D).
0.11875 negspouse(A,B)  :-  successor(A ,C) ,  successor(D ,C) ,  predecessor(D ,B).
0.1175 negspouse(A,B)  :-  spouse(C ,B) ,  spouse(B ,C) ,  parent(A ,B).
0.11625 negspouse(A,B)  :-  predecessor(C ,A) ,  parent(B ,D) ,  !D=C.
0.11625 negspouse(A,B)  :-  parent(B ,C) ,  predecessor(D ,A) ,  !C=D.
0.11625 negspouse(A,B)  :-  predecessor(C ,A) ,  parent(B ,D) ,  !C=D.
0.11625 negspouse(A,B)  :-  parent(B ,C) ,  predecessor(D ,A) ,  !D=C.
0.11625 negspouse(A,B)  :-  parent(C ,A) ,  successor(B ,D) ,  !C=D.
0.11625 negspouse(A,B)  :-  successor(B ,C) ,  successor(C ,D) ,  successor(A ,D).
0.11625 negspouse(A,B)  :-  successor(A ,C) ,  successor(D ,C) ,  successor(B ,D).
0.115 negspouse(A,B)  :-  parent(B ,C) ,  birthPlace(C ,D) ,  birthPlace(A ,D).
0.115 negspouse(A,B)  :-  successor(A ,C) ,  party(C ,D) ,  party(B ,D).
0.115 negspouse(A,B)  :-  successor(C ,B) ,  party(C ,D) ,  party(A ,D).
0.115 negspouse(A,B)  :-  party(A ,C) ,  party(D ,C) ,  successor(D ,B).
0.115 negspouse(A,B)  :-  party(B ,C) ,  party(D ,C) ,  successor(A ,D).
0.115 negspouse(A,B)  :-  birthPlace(A ,C) ,  birthPlace(D ,C) ,  parent(B ,D).
0.11375 negspouse(A,B)  :-  termPeriod(B ,C) ,  predecessor(A ,D) ,  !C=D.
0.11375 negspouse(A,B)  :-  predecessor(B ,C) ,  parent(D ,A) ,  !D=C.
0.11375 negspouse(A,B)  :-  parent(C ,A) ,  predecessor(B ,D) ,  !D=C.
0.11375 negspouse(A,B)  :-  predecessor(A ,C) ,  termPeriod(B ,D) ,  !D=C.
0.11375 negspouse(A,B)  :-  predecessor(B ,C) ,  parent(D ,A) ,  !C=D.
0.11375 negspouse(A,B)  :-  spouse(C ,B) ,  parent(A ,C).
0.11375 negspouse(A,B)  :-  parent(C ,A) ,  predecessor(B ,D) ,  !C=D.
0.11375 negspouse(A,B)  :-  successor(A ,C) ,  successor(D ,C) ,  successor(D ,B).
0.1125 negspouse(A,B)  :-  spouse(B ,C) ,  parent(A ,C).
0.1125 negspouse(A,B)  :-  termPeriod(B ,C) ,  almaMater(A ,D) ,  !C=D.
0.1125 negspouse(A,B)  :-  birthPlace(B ,C) ,  birthPlace(D ,C) ,  parent(D ,A).
0.1125 negspouse(A,B)  :-  parent(C ,A) ,  birthPlace(C ,D) ,  birthPlace(B ,D).
0.11125 negspouse(A,B)  :-  party(A ,C) ,  party(D ,C) ,  predecessor(D ,B).
0.11125 negspouse(A,B)  :-  predecessor(C ,B) ,  party(C ,D) ,  party(A ,D).
0.11 negspouse(A,B)  :-  parent(B ,C) ,  successor(D ,A) ,  !D=C.
0.11 negspouse(A,B)  :-  successor(C ,A) ,  parent(B ,D) ,  !C=D.
0.10875 negspouse(A,B)  :-  parent(C ,A) ,  successor(D ,B) ,  !C=D.
0.10875 negspouse(A,B)  :-  successor(C ,B) ,  parent(D ,A) ,  !C=D.
0.10875 negspouse(A,B)  :-  parent(C ,A) ,  successor(D ,B) ,  !D=C.
0.1075 negspouse(A,B)  :-  party(B ,C) ,  party(A ,C).
0.1075 negspouse(A,B)  :-  party(B ,C) ,  party(D ,C) ,  successor(D ,A).
0.1075 negspouse(A,B)  :-  successor(C ,A) ,  party(C ,D) ,  party(B ,D).
0.1075 negspouse(A,B)  :-  successor(A ,B).
0.10625 negspouse(A,B)  :-  deathPlace(B ,C) ,  deathPlace(D ,C) ,  successor(A ,D).
0.10625 negspouse(A,B)  :-  successor(A ,C) ,  deathPlace(C ,D) ,  deathPlace(B ,D).
0.10625 negspouse(A,B)  :-  successor(B ,C) ,  successor(D ,C) ,  successor(A ,D).
0.10625 negspouse(A,B)  :-  successor(A ,C) ,  successor(C ,D) ,  successor(B ,D).
0.10375 negspouse(A,B)  :-  deathPlace(A ,C) ,  deathPlace(D ,C) ,  predecessor(D ,B).
0.10375 negspouse(A,B)  :-  predecessor(C ,B) ,  deathPlace(C ,D) ,  deathPlace(A ,D).
0.1025 negspouse(A,B)  :-  birthPlace(A ,C) ,  deathPlace(B ,C).
0.1025 negspouse(A,B)  :-  termPeriod(B ,C) ,  spouse(A ,D) ,  !C=D.
0.10125 negspouse(A,B)  :-  successor(C ,A) ,  successor(D ,C) ,  successor(D ,B).
0.10125 negspouse(A,B)  :-  birthPlace(B ,C) ,  deathPlace(A ,C).
0.10125 negspouse(A,B)  :-  successor(C ,B) ,  successor(C ,D) ,  successor(D ,A).
0.10125 negspouse(A,B)  :-  parent(B ,C) ,  deathPlace(C ,D) ,  deathPlace(A ,D).
0.10125 negspouse(A,B)  :-  deathPlace(A ,C) ,  deathPlace(D ,C) ,  parent(B ,D).
0.1 negspouse(A,B)  :-  party(B ,C) ,  party(A ,D) ,  !D=C.
0.1 negspouse(A,B)  :-  party(A ,C) ,  party(B ,D) ,  !C=D.
0.1 negspouse(A,B)  :-  deathPlace(B ,C) ,  deathPlace(D ,C) ,  predecessor(A ,D).
0.1 negspouse(A,B)  :-  predecessor(C ,B) ,  parent(D ,A) ,  !D=C.
0.1 negspouse(A,B)  :-  predecessor(A ,C) ,  deathPlace(C ,D) ,  deathPlace(B ,D).
0.1 negspouse(A,B)  :-  successor(B ,A).
0.1 negspouse(A,B)  :-  party(B ,C) ,  party(A ,D) ,  !C=D.
0.1 negspouse(A,B)  :-  party(A ,C) ,  party(B ,D) ,  !D=C.
0.1 negspouse(A,B)  :-  parent(C ,A) ,  predecessor(D ,B) ,  !C=D.
0.09875 negspouse(A,B)  :-  predecessor(A ,B).
0.0975 negspouse(A,B)  :-  party(B ,C) ,  party(D ,C) ,  predecessor(D ,A).
0.0975 negspouse(A,B)  :-  deathPlace(B ,C) ,  deathPlace(D ,C) ,  successor(D ,A).
0.0975 negspouse(A,B)  :-  predecessor(C ,A) ,  party(C ,D) ,  party(B ,D).
0.0975 negspouse(A,B)  :-  successor(C ,A) ,  deathPlace(C ,D) ,  deathPlace(B ,D).
0.09625 negspouse(A,B)  :-  parent(A ,C) ,  activeYearsStartYear(C ,D) ,  activeYearsStartYear(B ,D).
0.09625 negspouse(A,B)  :-  predecessor(C ,A) ,  predecessor(C ,D) ,  successor(B ,D).
0.09625 negspouse(A,B)  :-  successor(B ,C) ,  predecessor(D ,C) ,  predecessor(D ,A).
0.09625 negspouse(A,B)  :-  successor(B ,C) ,  deathPlace(C ,D) ,  deathPlace(A ,D).
0.09625 negspouse(A,B)  :-  termPeriod(B ,C) ,  deathPlace(A ,D) ,  !C=D.
0.09625 negspouse(A,B)  :-  activeYearsStartYear(B ,C) ,  activeYearsStartYear(D ,C) ,  parent(A ,D).
0.09625 negspouse(A,B)  :-  deathPlace(A ,C) ,  deathPlace(D ,C) ,  successor(B ,D).
0.095 negspouse(A,B)  :-  successor(A ,C) ,  predecessor(D ,C) ,  predecessor(D ,B).
0.095 negspouse(A,B)  :-  predecessor(C ,B) ,  predecessor(C ,D) ,  successor(A ,D).
0.09375 negspouse(A,B)  :-  deathPlace(B ,C) ,  deathPlace(D ,C) ,  parent(D ,A).
0.09375 negspouse(A,B)  :-  parent(C ,A) ,  deathPlace(C ,D) ,  deathPlace(B ,D).
0.09375 negspouse(A,B)  :-  successor(B ,C) ,  predecessor(D ,C) ,  successor(A ,D).
0.09375 negspouse(A,B)  :-  successor(A ,C) ,  predecessor(C ,D) ,  successor(B ,D).
0.09125 negspouse(A,B)  :-  parent(B ,C) ,  parent(D ,C) ,  parent(D ,A).
0.09125 negspouse(A,B)  :-  parent(C ,A) ,  parent(C ,D) ,  parent(B ,D).
0.09 negspouse(A,B)  :-  predecessor(C ,B) ,  predecessor(D ,C) ,  predecessor(D ,A).
0.09 negspouse(A,B)  :-  predecessor(C ,A) ,  predecessor(C ,D) ,  predecessor(D ,B).
0.09 negspouse(A,B)  :-  successor(C ,A) ,  predecessor(C ,D) ,  predecessor(B ,D).
0.09 negspouse(A,B)  :-  predecessor(B ,C) ,  predecessor(D ,C) ,  successor(D ,A).
0.08875 negspouse(A,B)  :-  party(A ,C) ,  party(D ,C) ,  predecessor(B ,D).
0.08875 negspouse(A,B)  :-  predecessor(B ,C) ,  party(C ,D) ,  party(A ,D).
0.0875 negspouse(A,B)  :-  parent(C ,B) ,  birthPlace(C ,D) ,  deathPlace(A ,D).
0.0875 negspouse(A,B)  :-  party(B ,C) ,  party(D ,C) ,  predecessor(A ,D).
0.0875 negspouse(A,B)  :-  predecessor(A ,C) ,  party(C ,D) ,  party(B ,D).
0.08625 negspouse(A,B)  :-  predecessor(B ,C) ,  deathPlace(C ,D) ,  deathPlace(A ,D).
0.08625 negspouse(A,B)  :-  deathPlace(A ,C) ,  deathPlace(D ,C) ,  predecessor(B ,D).
0.085 negspouse(A,B)  :-  predecessor(C ,B) ,  predecessor(D ,C) ,  successor(A ,D).
0.085 negspouse(A,B)  :-  predecessor(C ,A) ,  successor(D ,C) ,  successor(B ,D).
0.085 negspouse(A,B)  :-  predecessor(C ,A) ,  successor(D ,C) ,  predecessor(D ,B).
0.085 negspouse(A,B)  :-  predecessor(C ,B) ,  successor(C ,D) ,  predecessor(D ,A).
0.085 negspouse(A,B)  :-  termPeriod(A ,C) ,  deathPlace(B ,D) ,  !C=D.
0.085 negspouse(A,B)  :-  successor(A ,C) ,  predecessor(C ,D) ,  predecessor(D ,B).
0.085 negspouse(A,B)  :-  successor(B ,C) ,  successor(C ,D) ,  predecessor(D ,A).
0.08375 negspouse(A,B)  :-  successor(C ,B) ,  president(A ,D) ,  !C=D.
0.08375 negspouse(A,B)  :-  activeYearsStartYear(B ,C) ,  activeYearsStartYear(A ,D) ,  C>D.
0.08375 negspouse(A,B)  :-  president(A ,C) ,  successor(D ,B) ,  !C=D.
0.08375 negspouse(A,B)  :-  successor(B ,C) ,  successor(D ,C) ,  predecessor(D ,A).
0.08375 negspouse(A,B)  :-  president(A ,C) ,  successor(D ,B) ,  !D=C.
0.08375 negspouse(A,B)  :-  activeYearsStartYear(A ,C) ,  activeYearsStartYear(B ,D) ,  C<D.
0.08375 negspouse(A,B)  :-  predecessor(C ,A) ,  successor(C ,D) ,  successor(B ,D).
0.0825 negspouse(A,B)  :-  child(B ,C) ,  successor(A ,D) ,  !C=D.
0.0825 negspouse(A,B)  :-  successor(A ,C) ,  child(B ,D) ,  !D=C.
0.08125 negspouse(A,B)  :-  parent(C ,B) ,  activeYearsStartYear(C ,D) ,  activeYearsStartYear(A ,D).
0.08125 negspouse(A,B)  :-  successor(C ,B) ,  primeMinister(A ,D) ,  !D=C.
0.08125 negspouse(A,B)  :-  successor(C ,A) ,  predecessor(C ,D) ,  successor(D ,B).
0.08125 negspouse(A,B)  :-  predecessor(C ,B) ,  parent(C ,D) ,  parent(A ,D).
0.08125 negspouse(A,B)  :-  primeMinister(A ,C) ,  successor(D ,B) ,  !D=C.
0.08125 negspouse(A,B)  :-  successor(C ,B) ,  primeMinister(A ,D) ,  !C=D.
0.08125 negspouse(A,B)  :-  successor(C ,B) ,  predecessor(D ,C) ,  successor(D ,A).
0.08125 negspouse(A,B)  :-  activeYearsStartYear(A ,C) ,  activeYearsStartYear(D ,C) ,  parent(D ,B).
0.08125 negspouse(A,B)  :-  primeMinister(A ,C) ,  successor(D ,B) ,  !C=D.
0.08125 negspouse(A,B)  :-  parent(A ,C) ,  parent(D ,C) ,  predecessor(D ,B).
0.08 negspouse(A,B)  :-  president(A ,C) ,  successor(B ,D) ,  !D=C.
0.08 negspouse(A,B)  :-  parent(A ,C) ,  deathPlace(C ,D) ,  birthPlace(B ,D).
0.08 negspouse(A,B)  :-  successor(A ,C) ,  predecessor(D ,C) ,  successor(B ,D).
0.08 negspouse(A,B)  :-  successor(B ,C) ,  predecessor(C ,D) ,  successor(A ,D).
0.08 negspouse(A,B)  :-  birthPlace(B ,C) ,  deathPlace(D ,C) ,  parent(A ,D).
0.08 negspouse(A,B)  :-  president(A ,C) ,  successor(B ,D) ,  !C=D.
0.08 negspouse(A,B)  :-  successor(B ,C) ,  president(A ,D) ,  !C=D.
0.08 negspouse(A,B)  :-  parent(B ,A).
0.07875 negspouse(A,B)  :-  successor(C ,A) ,  predecessor(A ,C) ,  predecessor(A ,B).
0.0775 negspouse(A,B)  :-  successor(B ,C) ,  predecessor(C ,B) ,  predecessor(A ,B).
0.0775 negspouse(A,B)  :-  birthPlace(A ,C) ,  deathPlace(D ,C) ,  parent(D ,B).
0.0775 negspouse(A,B)  :-  predecessor(C ,B) ,  successor(D ,C) ,  successor(A ,D).
0.0775 negspouse(A,B)  :-  successor(A ,C) ,  successor(C ,D) ,  predecessor(D ,B).
0.0775 negspouse(A,B)  :-  parent(C ,B) ,  deathPlace(C ,D) ,  birthPlace(A ,D).
0.07625 negspouse(A,B)  :-  successor(C ,B) ,  deathPlace(C ,D) ,  birthPlace(A ,D).
0.07625 negspouse(A,B)  :-  birthPlace(A ,C) ,  deathPlace(D ,C) ,  successor(D ,B).
0.07625 negspouse(A,B)  :-  deathPlace(B ,C) ,  deathPlace(D ,C) ,  predecessor(D ,A).
0.07625 negspouse(A,B)  :-  predecessor(C ,A) ,  deathPlace(C ,D) ,  deathPlace(B ,D).
0.075 negspouse(A,B)  :-  president(A ,C) ,  predecessor(D ,B) ,  !C=D.
0.075 negspouse(A,B)  :-  predecessor(C ,B) ,  president(A ,D) ,  !C=D.
0.075 negspouse(A,B)  :-  successor(A ,C) ,  predecessor(C ,A) ,  successor(A ,B).
0.075 negspouse(A,B)  :-  president(A ,C) ,  predecessor(D ,B) ,  !D=C.
0.075 negspouse(A,B)  :-  successor(B ,C) ,  predecessor(C ,B) ,  successor(B ,A).
0.07375 negspouse(A,B)  :-  spouse(A ,C) ,  parent(B ,C).
0.07375 negspouse(A,B)  :-  birthPlace(A ,C) ,  deathPlace(D ,C) ,  parent(B ,D).
0.07375 negspouse(A,B)  :-  parent(A ,C) ,  parent(D ,C) ,  successor(B ,D).
0.07375 negspouse(A,B)  :-  successor(B ,C) ,  parent(C ,D) ,  parent(A ,D).
0.07375 negspouse(A,B)  :-  parent(B ,C) ,  deathPlace(C ,D) ,  birthPlace(A ,D).
0.07125 negspouse(A,B)  :-  spouse(B ,C) ,  deathPlace(C ,D) ,  birthPlace(A ,D).
0.07125 negspouse(A,B)  :-  predecessor(A ,C) ,  successor(C ,D) ,  successor(D ,B).
0.07 negspouse(A,B)  :-  successor(C ,B) ,  predecessor(B ,C) ,  successor(A ,B).
0.07 negspouse(A,B)  :-  president(A ,C) ,  party(C ,D) ,  party(B ,D).
0.07 negspouse(A,B)  :-  termPeriod(A ,C) ,  child(B ,D) ,  !C=D.
0.07 negspouse(A,B)  :-  party(B ,C) ,  party(D ,C) ,  president(A ,D).
0.07 negspouse(A,B)  :-  successor(C ,A) ,  predecessor(A ,C) ,  successor(B ,A).
0.07 negspouse(A,B)  :-  parent(A ,C) ,  birthPlace(C ,D) ,  deathPlace(B ,D).
0.07 negspouse(A,B)  :-  predecessor(B ,A).
0.07 negspouse(A,B)  :-  deathPlace(B ,C) ,  birthPlace(D ,C) ,  parent(A ,D).
0.07 negspouse(A,B)  :-  child(B ,C) ,  termPeriod(A ,D) ,  !D=C.
0.06875 negspouse(A,B)  :-  successor(A ,C) ,  predecessor(C ,A) ,  successor(B ,A).
0.06875 negspouse(A,B)  :-  successor(A ,C) ,  predecessor(C ,A) ,  predecessor(A ,B).
0.0675 negspouse(A,B)  :-  successor(A ,C) ,  birthPlace(C ,D) ,  deathPlace(B ,D).
0.0675 negspouse(A,B)  :-  predecessor(A ,C) ,  child(B ,D) ,  !D=C.
0.0675 negspouse(A,B)  :-  predecessor(C ,B) ,  parent(C ,B) ,  parent(A ,B).
0.0675 negspouse(A,B)  :-  child(B ,C) ,  predecessor(A ,D) ,  !D=C.
0.0675 negspouse(A,B)  :-  predecessor(B ,C) ,  deathPlace(C ,D) ,  birthPlace(A ,D).
0.0675 negspouse(A,B)  :-  birthPlace(A ,C) ,  deathPlace(D ,C) ,  predecessor(B ,D).
0.0675 negspouse(A,B)  :-  predecessor(A ,C) ,  child(B ,D) ,  !C=D.
0.0675 negspouse(A,B)  :-  child(B ,C) ,  predecessor(A ,D) ,  !C=D.
0.0675 negspouse(A,B)  :-  deathPlace(B ,C) ,  birthPlace(D ,C) ,  successor(A ,D).
0.06625 negspouse(A,B)  :-  predecessor(C ,B) ,  predecessor(C ,D) ,  predecessor(D ,A).
0.06625 negspouse(A,B)  :-  activeYearsStartYear(A ,C) ,  activeYearsStartYear(D ,C) ,  parent(B ,D).
0.06625 negspouse(A,B)  :-  birthPlace(A ,C) ,  birthPlace(D ,C) ,  president(D ,B).
0.06625 negspouse(A,B)  :-  parent(C ,A) ,  birthPlace(C ,D) ,  deathPlace(B ,D).
0.06625 negspouse(A,B)  :-  region(B ,C) ,  birthPlace(A ,D) ,  !C=D.
0.06625 negspouse(A,B)  :-  successor(C ,A) ,  deathPlace(C ,D) ,  birthPlace(B ,D).
0.06625 negspouse(A,B)  :-  birthPlace(B ,C) ,  deathPlace(D ,C) ,  successor(D ,A).
0.06625 negspouse(A,B)  :-  successor(B ,C) ,  predecessor(C ,B) ,  successor(A ,B).
0.06625 negspouse(A,B)  :-  parent(B ,C) ,  activeYearsStartYear(C ,D) ,  activeYearsStartYear(A ,D).
0.06625 negspouse(A,B)  :-  president(C ,B) ,  birthPlace(C ,D) ,  birthPlace(A ,D).
0.06625 negspouse(A,B)  :-  successor(B ,A) ,  predecessor(A ,B).
0.06625 negspouse(A,B)  :-  predecessor(C ,A) ,  predecessor(D ,C) ,  predecessor(D ,B).
0.065 negspouse(A,B)  :-  successor(A ,C) ,  office(C ,D) ,  office(B ,D).
0.065 negspouse(A,B)  :-  successor(C ,B) ,  predecessor(B ,C) ,  predecessor(B ,A).
0.065 negspouse(A,B)  :-  office(B ,C) ,  office(D ,C) ,  successor(A ,D).
0.065 negspouse(A,B)  :-  successor(C ,B) ,  predecessor(B ,C) ,  successor(B ,A).
0.065 negspouse(A,B)  :-  spouse(A ,C) ,  spouse(C ,A) ,  parent(A ,B).
0.06375 negspouse(A,B)  :-  successor(A ,C) ,  deathPlace(C ,D) ,  birthPlace(B ,D).
0.06375 negspouse(A,B)  :-  activeYearsEndYear(A ,C) ,  activeYearsEndYear(B ,D) ,  C>D.
0.06375 negspouse(A,B)  :-  activeYearsEndYear(B ,C) ,  activeYearsEndYear(A ,D) ,  C<D.
0.06375 negspouse(A,B)  :-  birthPlace(B ,C) ,  deathPlace(D ,C) ,  successor(A ,D).
0.06375 negspouse(A,B)  :-  predecessor(C ,A) ,  successor(C ,D) ,  predecessor(D ,B).
0.06375 negspouse(A,B)  :-  predecessor(C ,B) ,  successor(D ,C) ,  predecessor(D ,A).
0.0625 negspouse(A,B)  :-  successor(C ,B) ,  birthPlace(C ,D) ,  deathPlace(A ,D).
0.0625 negspouse(A,B)  :-  successor(A ,C) ,  predecessor(C ,A) ,  predecessor(B ,A).
0.0625 negspouse(A,B)  :-  deathPlace(A ,C) ,  birthPlace(D ,C) ,  successor(D ,B).
0.0625 negspouse(A,B)  :-  successor(C ,A) ,  predecessor(A ,C) ,  successor(A ,B).
0.0625 negspouse(A,B)  :-  predecessor(C ,A) ,  predecessor(D ,C) ,  successor(B ,D).
0.0625 negspouse(A,B)  :-  successor(B ,C) ,  predecessor(C ,D) ,  predecessor(D ,A).
0.06125 negspouse(A,B)  :-  activeYearsStartDate(A ,C) ,  birthDate(B ,D) ,  C>D.
0.06125 negspouse(A,B)  :-  child(B ,C) ,  successor(D ,A) ,  !D=C.
0.06125 negspouse(A,B)  :-  birthDate(B ,C) ,  activeYearsStartDate(A ,D) ,  C<D.
0.06125 negspouse(A,B)  :-  successor(C ,A) ,  child(B ,D) ,  !C=D.
0.06125 negspouse(A,B)  :-  successor(C ,B) ,  predecessor(B ,C) ,  predecessor(A ,B).
0.06125 negspouse(A,B)  :-  child(B ,C) ,  successor(D ,A) ,  !C=D.
0.06 negspouse(A,B)  :-  successor(A ,C) ,  president(B ,D) ,  !C=D.
0.06 negspouse(A,B)  :-  parent(C ,B) ,  title(C ,D) ,  title(A ,D).
0.06 negspouse(A,B)  :-  title(A ,C) ,  title(D ,C) ,  parent(D ,B).
0.06 negspouse(A,B)  :-  president(A ,C) ,  birthPlace(C ,D) ,  birthPlace(B ,D).
0.06 negspouse(A,B)  :-  president(B ,C) ,  successor(A ,D) ,  !D=C.
0.06 negspouse(A,B)  :-  deathPlace(A ,C) ,  birthPlace(D ,C) ,  successor(B ,D).
0.06 negspouse(A,B)  :-  birthPlace(B ,C) ,  birthPlace(D ,C) ,  president(A ,D).
0.06 negspouse(A,B)  :-  successor(B ,C) ,  birthPlace(C ,D) ,  deathPlace(A ,D).
0.06 negspouse(A,B)  :-  predecessor(C ,B) ,  birthPlace(C ,D) ,  deathPlace(A ,D).
0.06 negspouse(A,B)  :-  deathPlace(A ,C) ,  birthPlace(D ,C) ,  predecessor(D ,B).
0.06 negspouse(A,B)  :-  president(B ,C) ,  successor(A ,D) ,  !C=D.
0.05875 negspouse(A,B)  :-  successor(C ,B) ,  office(C ,D) ,  office(A ,D).
0.05875 negspouse(A,B)  :-  office(A ,C) ,  office(D ,C) ,  successor(D ,B).
0.05875 negspouse(A,B)  :-  successor(A ,B) ,  predecessor(B ,A).
0.05875 negspouse(A,B)  :-  successor(B ,C) ,  predecessor(C ,B) ,  parent(A ,B).
0.05875 negspouse(A,B)  :-  birthPlace(A ,C) ,  deathPlace(B ,C) ,  birthPlace(B ,C).
0.0575 negspouse(A,B)  :-  president(B ,C) ,  successor(D ,A) ,  !C=D.
0.0575 negspouse(A,B)  :-  birthPlace(A ,C) ,  deathPlace(B ,C) ,  parent(A ,B).
0.0575 negspouse(A,B)  :-  successor(A ,C) ,  parent(C ,D) ,  parent(B ,D).
0.0575 negspouse(A,B)  :-  parent(B ,C) ,  parent(D ,C) ,  successor(A ,D).
0.0575 negspouse(A,B)  :-  birthPlace(A ,C) ,  capital(C ,D) ,  birthPlace(B ,D).
0.0575 negspouse(A,B)  :-  termPeriod(B ,C) ,  president(A ,D) ,  !C=D.
0.0575 negspouse(A,B)  :-  president(A ,C) ,  termPeriod(B ,D) ,  !D=C.
0.0575 negspouse(A,B)  :-  president(B ,C) ,  successor(D ,A) ,  !D=C.
0.0575 negspouse(A,B)  :-  birthPlace(B ,C) ,  deathPlace(D ,C) ,  parent(D ,A).
0.0575 negspouse(A,B)  :-  parent(B ,A) ,  parent(B ,C) ,  spouse(A ,C).
0.0575 negspouse(A,B)  :-  birthPlace(B ,C) ,  capital(D ,C) ,  birthPlace(A ,D).
0.0575 negspouse(A,B)  :-  activeYearsEndDate(A ,C) ,  birthDate(B ,D) ,  C>D.
0.0575 negspouse(A,B)  :-  spouse(C ,B) ,  spouse(B ,C) ,  predecessor(A ,B).
0.0575 negspouse(A,B)  :-  successor(B ,C) ,  parent(C ,B) ,  parent(A ,B).
0.0575 negspouse(A,B)  :-  spouse(A ,C) ,  spouse(C ,A) ,  parent(B ,A).
0.0575 negspouse(A,B)  :-  parent(C ,A) ,  deathPlace(C ,D) ,  birthPlace(B ,D).
0.0575 negspouse(A,B)  :-  successor(C ,A) ,  president(B ,D) ,  !C=D.
0.0575 negspouse(A,B)  :-  birthDate(B ,C) ,  activeYearsEndDate(A ,D) ,  C<D.
0.05625 negspouse(A,B)  :-  predecessor(B ,C) ,  president(A ,D) ,  !C=D.
0.05625 negspouse(A,B)  :-  predecessor(C ,A) ,  deathPlace(C ,D) ,  birthPlace(B ,D).
0.05625 negspouse(A,B)  :-  birthPlace(B ,C) ,  deathPlace(D ,C) ,  predecessor(D ,A).
0.05625 negspouse(A,B)  :-  president(A ,C) ,  predecessor(B ,D) ,  !D=C.
0.05625 negspouse(A,B)  :-  successor(B ,C) ,  office(C ,D) ,  office(A ,D).
0.05625 negspouse(A,B)  :-  spouse(C ,A) ,  parent(B ,C).
0.05625 negspouse(A,B)  :-  office(A ,C) ,  office(D ,C) ,  successor(B ,D).
0.05625 negspouse(A,B)  :-  president(A ,C) ,  predecessor(B ,D) ,  !C=D.
0.055 negspouse(A,B)  :-  activeYearsEndYear(A ,C) ,  activeYearsEndYear(B ,D) ,  C<D.
0.055 negspouse(A,B)  :-  predecessor(C ,A) ,  office(C ,D) ,  office(B ,D).
0.055 negspouse(A,B)  :-  office(B ,C) ,  office(D ,C) ,  successor(D ,A).
0.055 negspouse(A,B)  :-  office(A ,C) ,  office(D ,C) ,  predecessor(D ,B).
0.055 negspouse(A,B)  :-  office(B ,C) ,  office(D ,C) ,  predecessor(D ,A).
0.055 negspouse(A,B)  :-  activeYearsEndYear(B ,C) ,  activeYearsEndYear(A ,D) ,  C>D.
0.055 negspouse(A,B)  :-  successor(C ,A) ,  office(C ,D) ,  office(B ,D).
0.055 negspouse(A,B)  :-  predecessor(C ,B) ,  office(C ,D) ,  office(A ,D).
0.05375 negspouse(A,B)  :-  spouse(C ,B) ,  spouse(B ,C) ,  successor(A ,B).
0.05375 negspouse(A,B)  :-  spouse(A ,C) ,  spouse(C ,A) ,  successor(B ,A).
0.05375 negspouse(A,B)  :-  birthPlace(A ,C) ,  birthPlace(D ,C) ,  child(D ,B).
0.05375 negspouse(A,B)  :-  spouse(C ,B) ,  spouse(B ,C) ,  successor(B ,A).
0.05375 negspouse(A,B)  :-  child(C ,B) ,  birthPlace(C ,D) ,  birthPlace(A ,D).
0.0525 negspouse(A,B)  :-  president(B ,C) ,  termPeriod(A ,D) ,  !D=C.
0.0525 negspouse(A,B)  :-  successor(C ,B) ,  predecessor(B ,C) ,  parent(A ,B).
0.0525 negspouse(A,B)  :-  primeMinister(A ,C) ,  spouse(B ,D) ,  !C=D.
0.0525 negspouse(A,B)  :-  deathPlace(B ,C) ,  birthPlace(D ,C) ,  successor(D ,A).
0.0525 negspouse(A,B)  :-  birthPlace(A ,C) ,  deathPlace(D ,C) ,  predecessor(D ,B).
0.0525 negspouse(A,B)  :-  termPeriod(A ,C) ,  president(B ,D) ,  !C=D.
0.0525 negspouse(A,B)  :-  successor(C ,A) ,  birthPlace(C ,D) ,  deathPlace(B ,D).
0.0525 negspouse(A,B)  :-  birthPlace(B ,C) ,  deathPlace(D ,C) ,  predecessor(A ,D).
0.0525 negspouse(A,B)  :-  predecessor(C ,B) ,  deathPlace(C ,D) ,  birthPlace(A ,D).
0.0525 negspouse(A,B)  :-  predecessor(A ,C) ,  deathPlace(C ,D) ,  birthPlace(B ,D).
0.0525 negspouse(A,B)  :-  child(A ,C) ,  successor(D ,B) ,  !C=D.
0.05125 negspouse(A,B)  :-  birthDate(A ,C) ,  activeYearsStartDate(B ,D) ,  C<D.
0.05125 negspouse(A,B)  :-  successor(B ,C) ,  predecessor(C ,B) ,  predecessor(B ,A).
0.05125 negspouse(A,B)  :-  activeYearsStartDate(B ,C) ,  birthDate(A ,D) ,  C>D.
0.05 negspouse(A,B)  :-  birthPlace(B ,C) ,  birthPlace(A ,C) ,  deathPlace(A ,C).
0.05 negspouse(A,B)  :-  successor(B ,C) ,  deathPlace(C ,D) ,  birthPlace(A ,D).
0.05 negspouse(A,B)  :-  spouse(A ,C) ,  spouse(C ,A) ,  predecessor(A ,B).
0.05 negspouse(A,B)  :-  successor(C ,B) ,  religion(C ,D) ,  religion(A ,D).
0.05 negspouse(A,B)  :-  predecessor(B ,C) ,  birthPlace(C ,D) ,  deathPlace(A ,D).
0.05 negspouse(A,B)  :-  birthPlace(A ,C) ,  deathPlace(D ,C) ,  successor(B ,D).
0.05 negspouse(A,B)  :-  religion(A ,C) ,  religion(D ,C) ,  successor(D ,B).
0.05 negspouse(A,B)  :-  deathPlace(A ,C) ,  birthPlace(D ,C) ,  predecessor(B ,D).
0.04875 negspouse(A,B)  :-  almaMater(A ,C) ,  almaMater(D ,C) ,  successor(D ,B).
0.04875 negspouse(A,B)  :-  almaMater(B ,C) ,  almaMater(D ,C) ,  successor(D ,A).
0.04875 negspouse(A,B)  :-  successor(C ,A) ,  almaMater(C ,D) ,  almaMater(B ,D).
0.04875 negspouse(A,B)  :-  successor(C ,A) ,  predecessor(A ,C) ,  predecessor(B ,A).
0.04875 negspouse(A,B)  :-  child(A ,C) ,  child(D ,C) ,  child(D ,B).
0.04875 negspouse(A,B)  :-  successor(C ,B) ,  almaMater(C ,D) ,  almaMater(A ,D).
0.04875 negspouse(A,B)  :-  activeYearsEndDate(B ,C) ,  birthDate(A ,D) ,  C>D.
0.04875 negspouse(A,B)  :-  orderInOffice(A ,C) ,  orderInOffice(D ,C) ,  successor(D ,B).
0.04875 negspouse(A,B)  :-  child(C ,B) ,  child(C ,D) ,  child(A ,D).
0.04875 negspouse(A,B)  :-  birthDate(A ,C) ,  activeYearsEndDate(B ,D) ,  C<D.
0.04875 negspouse(A,B)  :-  deathPlace(A ,C) ,  birthPlace(D ,C) ,  parent(B ,D).
0.04875 negspouse(A,B)  :-  parent(B ,C) ,  birthPlace(C ,D) ,  deathPlace(A ,D).
0.04875 negspouse(A,B)  :-  successor(C ,B) ,  orderInOffice(C ,D) ,  orderInOffice(A ,D).
0.04875 negspouse(A,B)  :-  child(A ,C) ,  successor(B ,D) ,  !C=D.
0.04875 negspouse(A,B)  :-  child(A ,B).
0.04875 negspouse(A,B)  :-  parent(B ,A) ,  parent(B ,C) ,  spouse(C ,A).
0.0475 negspouse(A,B)  :-  primeMinister(A ,C) ,  birthPlace(C ,D) ,  birthPlace(B ,D).
0.0475 negspouse(A,B)  :-  predecessor(C ,A) ,  birthPlace(C ,D) ,  deathPlace(B ,D).
0.0475 negspouse(A,B)  :-  successor(C ,B) ,  primeMinister(C ,D) ,  primeMinister(A ,D).
0.0475 negspouse(A,B)  :-  primeMinister(A ,C) ,  primeMinister(D ,C) ,  successor(D ,B).
0.0475 negspouse(A,B)  :-  predecessor(C ,A) ,  parent(C ,D) ,  parent(B ,D).
0.0475 negspouse(A,B)  :-  president(B ,C) ,  predecessor(A ,D) ,  !C=D.
0.0475 negspouse(A,B)  :-  spouse(C ,B) ,  spouse(B ,C) ,  parent(B ,A).
0.0475 negspouse(A,B)  :-  predecessor(A ,C) ,  president(B ,D) ,  !C=D.
0.0475 negspouse(A,B)  :-  birthPlace(B ,C) ,  birthPlace(A ,C) ,  parent(A ,B).
0.0475 negspouse(A,B)  :-  birthPlace(B ,C) ,  birthPlace(D ,C) ,  primeMinister(A ,D).
0.0475 negspouse(A,B)  :-  deathPlace(B ,C) ,  birthPlace(D ,C) ,  predecessor(D ,A).
0.0475 negspouse(A,B)  :-  spouse(A ,C) ,  spouse(C ,A) ,  successor(A ,B).
0.0475 negspouse(A,B)  :-  restingPlace(A ,C) ,  restingPlace(D ,C) ,  parent(D ,B).
0.0475 negspouse(A,B)  :-  president(B ,C) ,  predecessor(A ,D) ,  !D=C.
0.0475 negspouse(A,B)  :-  parent(B ,C) ,  parent(D ,C) ,  predecessor(D ,A).
0.0475 negspouse(A,B)  :-  parent(C ,B) ,  restingPlace(C ,D) ,  restingPlace(A ,D).
0.04625 negspouse(A,B)  :-  religion(A ,C) ,  religion(D ,C) ,  successor(B ,D).
0.04625 negspouse(A,B)  :-  successor(A ,C) ,  religion(C ,D) ,  religion(B ,D).
0.04625 negspouse(A,B)  :-  successor(B ,C) ,  religion(C ,D) ,  religion(A ,D).
0.04625 negspouse(A,B)  :-  religion(B ,C) ,  religion(D ,C) ,  successor(A ,D).
0.04625 negspouse(A,B)  :-  successor(C ,B) ,  parent(B ,C) ,  parent(A ,B).
0.045 negspouse(A,B)  :-  predecessor(B ,C) ,  office(C ,D) ,  office(A ,D).
0.045 negspouse(A,B)  :-  office(B ,C) ,  office(D ,C) ,  predecessor(A ,D).
0.045 negspouse(A,B)  :-  orderInOffice(B ,C) ,  orderInOffice(D ,C) ,  successor(D ,A).
0.045 negspouse(A,B)  :-  office(A ,C) ,  office(D ,C) ,  predecessor(B ,D).
0.045 negspouse(A,B)  :-  predecessor(A ,C) ,  office(C ,D) ,  office(B ,D).
0.045 negspouse(A,B)  :-  successor(C ,A) ,  orderInOffice(C ,D) ,  orderInOffice(B ,D).
0.04375 negspouse(A,B)  :-  deathPlace(B ,C) ,  birthPlace(D ,C) ,  predecessor(A ,D).
0.04375 negspouse(A,B)  :-  almaMater(B ,C) ,  almaMater(D ,C) ,  successor(A ,D).
0.04375 negspouse(A,B)  :-  commander(C ,A) ,  commander(C ,D) ,  predecessor(D ,B).
0.04375 negspouse(A,B)  :-  successor(A ,C) ,  almaMater(C ,D) ,  almaMater(B ,D).
0.04375 negspouse(A,B)  :-  monarch(A ,C) ,  spouse(D ,B) ,  !C=D.
0.04375 negspouse(A,B)  :-  predecessor(A ,C) ,  birthPlace(C ,D) ,  deathPlace(B ,D).
0.04375 negspouse(A,B)  :-  spouse(C ,B) ,  monarch(A ,D) ,  !C=D.
0.04375 negspouse(A,B)  :-  child(A ,C) ,  predecessor(D ,B) ,  !C=D.
0.04375 negspouse(A,B)  :-  spouse(C ,B) ,  spouse(B ,C) ,  predecessor(B ,A).
0.04375 negspouse(A,B)  :-  monarch(A ,C) ,  spouse(D ,B) ,  !D=C.
0.04375 negspouse(A,B)  :-  predecessor(C ,B) ,  commander(D ,C) ,  commander(D ,A).
0.0425 negspouse(A,B)  :-  birthPlace(B ,C) ,  deathPlace(B ,C) ,  parent(A ,B).
0.0425 negspouse(A,B)  :-  restingPlace(B ,C) ,  restingPlace(D ,C) ,  parent(A ,D).
0.0425 negspouse(A,B)  :-  deathPlace(B ,C) ,  capital(D ,C) ,  birthPlace(A ,D).
0.0425 negspouse(A,B)  :-  parent(A ,C) ,  restingPlace(C ,D) ,  restingPlace(B ,D).
0.0425 negspouse(A,B)  :-  predecessor(C ,B) ,  almaMater(C ,D) ,  almaMater(A ,D).
0.0425 negspouse(A,B)  :-  almaMater(A ,C) ,  almaMater(D ,C) ,  predecessor(D ,B).
0.04125 negspouse(A,B)  :-  commander(C ,A) ,  commander(C ,D) ,  successor(B ,D).
0.04125 negspouse(A,B)  :-  child(A ,C) ,  predecessor(B ,D) ,  !C=D.
0.04125 negspouse(A,B)  :-  president(A ,C) ,  president(D ,C) ,  predecessor(D ,B).
0.04125 negspouse(A,B)  :-  successor(B ,C) ,  commander(D ,C) ,  commander(D ,A).
0.04125 negspouse(A,B)  :-  predecessor(C ,B) ,  president(C ,D) ,  president(A ,D).
0.04125 negspouse(A,B)  :-  deathPlace(A ,C) ,  capital(D ,C) ,  birthPlace(B ,D).
0.04125 negspouse(A,B)  :-  almaMater(A ,C) ,  almaMater(D ,C) ,  successor(B ,D).
0.04125 negspouse(A,B)  :-  successor(C ,B) ,  successor(C ,D) ,  primeMinister(A ,D).
0.04125 negspouse(A,B)  :-  successor(B ,A) ,  office(B ,C) ,  C=C.
0.04125 negspouse(A,B)  :-  successor(B ,C) ,  almaMater(C ,D) ,  almaMater(A ,D).
0.04 negspouse(A,B)  :-  birthPlace(A ,C) ,  capital(D ,C) ,  birthPlace(B ,D).
0.04 negspouse(A,B)  :-  birthPlace(A ,C) ,  country(D ,C) ,  deathPlace(B ,D).
0.04 negspouse(A,B)  :-  deathPlace(B ,C) ,  country(C ,D) ,  birthPlace(A ,D).
0.04 negspouse(A,B)  :-  successor(C ,A) ,  religion(C ,D) ,  religion(B ,D).
0.04 negspouse(A,B)  :-  birthPlace(A ,C) ,  deathPlace(A ,C) ,  parent(A ,B).
0.04 negspouse(A,B)  :-  religion(B ,C) ,  religion(D ,C) ,  successor(D ,A).
0.04 negspouse(A,B)  :-  restingPlace(A ,C) ,  restingPlace(B ,D) ,  !C=D.
0.04 negspouse(A,B)  :-  predecessor(B ,C) ,  parent(B ,C) ,  parent(A ,B).
0.03875 negspouse(A,B)  :-  deathPlace(A ,C) ,  capital(D ,C) ,  deathPlace(B ,D).
0.03875 negspouse(A,B)  :-  president(A ,C) ,  president(D ,C) ,  successor(B ,D).
0.03875 negspouse(A,B)  :-  deathPlace(B ,C) ,  deathPlace(A ,C) ,  birthPlace(A ,C).
0.03875 negspouse(A,B)  :-  successor(B ,C) ,  president(C ,D) ,  president(A ,D).
0.03875 negspouse(A,B)  :-  successor(A ,B) ,  office(B ,C) ,  C=C.
0.0375 negspouse(A,B)  :-  termPeriod(B ,C) ,  nationality(A ,D) ,  !C=D.
0.0375 negspouse(A,B)  :-  orderInOffice(B ,C) ,  orderInOffice(D ,C) ,  successor(A ,D).
0.0375 negspouse(A,B)  :-  monarch(C ,B) ,  spouse(A ,D) ,  !C=D.
0.0375 negspouse(A,B)  :-  successor(A ,C) ,  orderInOffice(C ,D) ,  orderInOffice(B ,D).
0.0375 negspouse(A,B)  :-  orderInOffice(A ,C) ,  orderInOffice(D ,C) ,  successor(B ,D).
0.0375 negspouse(A,B)  :-  nationality(A ,C) ,  termPeriod(B ,D) ,  !D=C.
0.0375 negspouse(A,B)  :-  successor(B ,C) ,  orderInOffice(C ,D) ,  orderInOffice(A ,D).
0.03625 negspouse(A,B)  :-  successor(C ,B) ,  successor(D ,C) ,  primeMinister(A ,D).
0.03625 negspouse(A,B)  :-  successor(A ,C) ,  successor(C ,D) ,  successor(D ,B).
0.03625 negspouse(A,B)  :-  child(C ,A) ,  child(C ,D) ,  child(B ,D).
0.03625 negspouse(A,B)  :-  region(A ,C) ,  termPeriod(B ,D) ,  !D=C.
0.03625 negspouse(A,B)  :-  child(B ,C) ,  child(D ,C) ,  child(D ,A).
0.03625 negspouse(A,B)  :-  successor(A ,C) ,  commander(D ,C) ,  commander(D ,B).
0.03625 negspouse(A,B)  :-  successor(C ,B) ,  successor(D ,C) ,  successor(A ,D).
0.03625 negspouse(A,B)  :-  child(B ,A).
0.03625 negspouse(A,B)  :-  religion(A ,C) ,  religion(D ,C) ,  predecessor(D ,B).
0.03625 negspouse(A,B)  :-  predecessor(C ,A) ,  almaMater(C ,D) ,  almaMater(B ,D).
0.03625 negspouse(A,B)  :-  termPeriod(B ,C) ,  region(A ,D) ,  !C=D.
0.03625 negspouse(A,B)  :-  child(A ,C) ,  child(B ,D) ,  !C=D.
0.03625 negspouse(A,B)  :-  almaMater(B ,C) ,  almaMater(D ,C) ,  predecessor(D ,A).
0.03625 negspouse(A,B)  :-  commander(C ,B) ,  commander(C ,D) ,  successor(A ,D).
0.03625 negspouse(A,B)  :-  primeMinister(A ,C) ,  successor(C ,D) ,  successor(D ,B).
0.03625 negspouse(A,B)  :-  predecessor(C ,B) ,  religion(C ,D) ,  religion(A ,D).
0.035 negspouse(A,B)  :-  successor(A ,C) ,  parent(C ,A) ,  parent(B ,A).
0.035 negspouse(A,B)  :-  successor(C ,B) ,  president(C ,D) ,  president(A ,D).
0.035 negspouse(A,B)  :-  birthPlace(B ,C) ,  birthPlace(A ,C) ,  successor(B ,A).
0.035 negspouse(A,B)  :-  religion(B ,C) ,  religion(D ,C) ,  predecessor(D ,A).
0.035 negspouse(A,B)  :-  president(A ,C) ,  president(D ,C) ,  successor(D ,B).
0.035 negspouse(A,B)  :-  predecessor(C ,A) ,  religion(C ,D) ,  religion(B ,D).
0.035 negspouse(A,B)  :-  predecessor(C ,A) ,  parent(C ,A) ,  parent(B ,A).
0.03375 negspouse(A,B)  :-  successor(B ,C) ,  successor(C ,D) ,  successor(D ,A).
0.03375 negspouse(A,B)  :-  activeYearsEndYear(B ,C) ,  activeYearsStartYear(A ,D) ,  C<D.
0.03375 negspouse(A,B)  :-  child(C ,A) ,  deathPlace(C ,D) ,  deathPlace(B ,D).
0.03375 negspouse(A,B)  :-  birthPlace(B ,C) ,  country(C ,D) ,  deathPlace(A ,D).
0.03375 negspouse(A,B)  :-  activeYearsStartYear(A ,C) ,  activeYearsEndYear(B ,D) ,  C>D.
0.03375 negspouse(A,B)  :-  almaMater(B ,C) ,  almaMater(D ,C) ,  predecessor(A ,D).
0.03375 negspouse(A,B)  :-  deathPlace(A ,C) ,  country(D ,C) ,  birthPlace(B ,D).
0.03375 negspouse(A,B)  :-  successor(C ,A) ,  successor(D ,C) ,  successor(B ,D).
0.03375 negspouse(A,B)  :-  predecessor(A ,C) ,  religion(C ,D) ,  religion(B ,D).
0.03375 negspouse(A,B)  :-  parent(B ,C) ,  restingPlace(C ,D) ,  restingPlace(A ,D).
0.03375 negspouse(A,B)  :-  restingPlace(A ,C) ,  restingPlace(D ,C) ,  parent(B ,D).
0.03375 negspouse(A,B)  :-  child(A ,C) ,  relative(D ,B) ,  !C=D.
0.03375 negspouse(A,B)  :-  predecessor(A ,B) ,  office(B ,C) ,  C=C.
0.03375 negspouse(A,B)  :-  religion(B ,C) ,  religion(D ,C) ,  predecessor(A ,D).
0.03375 negspouse(A,B)  :-  successor(A ,C) ,  predecessor(C ,A) ,  parent(A ,B).
0.03375 negspouse(A,B)  :-  successor(A ,C) ,  predecessor(C ,A) ,  parent(B ,A).
0.03375 negspouse(A,B)  :-  deathPlace(B ,C) ,  country(D ,C) ,  birthPlace(A ,D).
0.03375 negspouse(A,B)  :-  predecessor(A ,C) ,  almaMater(C ,D) ,  almaMater(B ,D).
0.0325 negspouse(A,B)  :-  birthPlace(A ,C) ,  deathPlace(D ,C) ,  president(D ,B).
0.0325 negspouse(A,B)  :-  president(C ,B) ,  deathPlace(C ,D) ,  birthPlace(A ,D).
0.0325 negspouse(A,B)  :-  successor(B ,A) ,  orderInOffice(B ,C) ,  C=C.
0.0325 negspouse(A,B)  :-  activeYearsEndDate(A ,C) ,  deathDate(B ,D) ,  C<D.
0.0325 negspouse(A,B)  :-  deathDate(B ,C) ,  activeYearsStartDate(A ,D) ,  C>D.
0.0325 negspouse(A,B)  :-  deathPlace(A ,C) ,  deathPlace(D ,C) ,  child(D ,B).
0.0325 negspouse(A,B)  :-  commander(C ,A) ,  commander(C ,D) ,  parent(D ,B).
0.0325 negspouse(A,B)  :-  successor(A ,B) ,  orderInOffice(B ,C) ,  C=C.
0.0325 negspouse(A,B)  :-  president(B ,C) ,  party(C ,D) ,  party(A ,D).
0.0325 negspouse(A,B)  :-  party(A ,C) ,  party(D ,C) ,  president(B ,D).
0.0325 negspouse(A,B)  :-  deathDate(B ,C) ,  activeYearsEndDate(A ,D) ,  C>D.
0.0325 negspouse(A,B)  :-  successor(C ,A) ,  president(C ,D) ,  president(B ,D).
0.0325 negspouse(A,B)  :-  president(B ,C) ,  president(D ,C) ,  successor(D ,A).
0.0325 negspouse(A,B)  :-  parent(C ,B) ,  commander(D ,C) ,  commander(D ,A).
0.0325 negspouse(A,B)  :-  child(C ,B) ,  deathPlace(C ,D) ,  deathPlace(A ,D).
0.0325 negspouse(A,B)  :-  activeYearsStartDate(A ,C) ,  deathDate(B ,D) ,  C<D.
0.03125 negspouse(A,B)  :-  spouse(A ,C) ,  spouse(C ,A) ,  predecessor(B ,A).
0.03125 negspouse(A,B)  :-  parent(C ,B) ,  child(D ,C) ,  child(D ,A).
0.03125 negspouse(A,B)  :-  successor(B ,C) ,  predecessor(D ,C) ,  successor(D ,A).
0.03125 negspouse(A,B)  :-  child(C ,A) ,  parent(D ,C) ,  parent(D ,B).
0.03125 negspouse(A,B)  :-  successor(C ,A) ,  predecessor(C ,D) ,  successor(B ,D).
0.03125 negspouse(A,B)  :-  birthPlace(B ,C) ,  birthPlace(A ,C) ,  predecessor(A ,B).
0.03125 negspouse(A,B)  :-  successor(C ,A) ,  predecessor(A ,C) ,  parent(B ,A).
0.03125 negspouse(A,B)  :-  successor(A ,C) ,  parent(C ,A) ,  parent(A ,B).
0.03125 negspouse(A,B)  :-  parent(C ,B) ,  parent(C ,D) ,  child(D ,A).
0.03125 negspouse(A,B)  :-  spouse(C ,B) ,  child(C ,A).
0.03125 negspouse(A,B)  :-  parent(C ,A) ,  restingPlace(C ,D) ,  restingPlace(B ,D).
0.03125 negspouse(A,B)  :-  restingPlace(B ,C) ,  restingPlace(D ,C) ,  parent(D ,A).
0.03125 negspouse(A,B)  :-  child(C ,A) ,  child(C ,D) ,  parent(D ,B).
0.03 negspouse(A,B)  :-  monarch(C ,A) ,  spouse(D ,B) ,  !C=D.
0.03 negspouse(A,B)  :-  predecessor(C ,B) ,  successor(C ,D) ,  predecessor(A ,D).
0.03 negspouse(A,B)  :-  religion(A ,C) ,  religion(D ,C) ,  predecessor(B ,D).
0.03 negspouse(A,B)  :-  parent(A ,C) ,  predecessor(A ,C) ,  parent(B ,A).
0.03 negspouse(A,B)  :-  parent(A ,C) ,  child(C ,D) ,  parent(D ,B).
0.03 negspouse(A,B)  :-  birthPlace(B ,C) ,  headquarter(D ,C) ,  party(A ,D).
0.03 negspouse(A,B)  :-  predecessor(A ,C) ,  successor(D ,C) ,  predecessor(D ,B).
0.03 negspouse(A,B)  :-  parent(C ,B) ,  child(D ,C) ,  parent(A ,D).
0.03 negspouse(A,B)  :-  predecessor(B ,C) ,  religion(C ,D) ,  religion(A ,D).
0.03 negspouse(A,B)  :-  party(A ,C) ,  headquarter(C ,D) ,  birthPlace(B ,D).
0.02875 negspouse(A,B)  :-  predecessor(A ,B) ,  spouse(C ,B) ,  parent(A ,C).
0.02875 negspouse(A,B)  :-  monarch(C ,B) ,  parent(D ,A) ,  !C=D.
0.02875 negspouse(A,B)  :-  spouse(B ,C) ,  child(C ,A).
0.02875 negspouse(A,B)  :-  parent(A ,C) ,  child(C ,A) ,  parent(A ,B).
0.02875 negspouse(A,B)  :-  predecessor(B ,A) ,  office(B ,C) ,  C=C.
0.02875 negspouse(A,B)  :-  predecessor(B ,C) ,  restingPlace(C ,D) ,  restingPlace(A ,D).
0.02875 negspouse(A,B)  :-  restingPlace(A ,C) ,  restingPlace(D ,C) ,  predecessor(B ,D).
0.02875 negspouse(A,B)  :-  birthPlace(A ,C) ,  capital(D ,C) ,  deathPlace(B ,D).
0.02875 negspouse(A,B)  :-  spouse(A ,C) ,  spouse(C ,A) ,  child(A ,B).
0.0275 negspouse(A,B)  :-  successor(C ,A) ,  successor(D ,C) ,  predecessor(D ,B).
0.0275 negspouse(A,B)  :-  successor(C ,B) ,  predecessor(C ,D) ,  primeMinister(A ,D).
0.0275 negspouse(A,B)  :-  predecessor(B ,C) ,  president(C ,D) ,  president(A ,D).
0.0275 negspouse(A,B)  :-  associatedBand(C ,B) ,  activeYearsStartYear(C ,D) ,  activeYearsStartYear(A ,D).
0.0275 negspouse(A,B)  :-  successor(C ,B) ,  president(D ,C) ,  successor(D ,A).
0.0275 negspouse(A,B)  :-  successor(C ,A) ,  president(C ,D) ,  successor(D ,B).
0.0275 negspouse(A,B)  :-  child(B ,C) ,  parent(C ,D) ,  child(D ,A).
0.0275 negspouse(A,B)  :-  commander(C ,B) ,  place(C ,D) ,  birthPlace(A ,D).
0.0275 negspouse(A,B)  :-  monarch(C ,A) ,  spouse(B ,D) ,  !C=D.
0.0275 negspouse(A,B)  :-  birthPlace(A ,C) ,  place(D ,C) ,  commander(D ,B).
0.0275 negspouse(A,B)  :-  associatedMusicalArtist(C ,B) ,  activeYearsStartYear(C ,D) ,  activeYearsStartYear(A ,D).
0.0275 negspouse(A,B)  :-  child(B ,C) ,  child(D ,C) ,  parent(A ,D).
0.0275 negspouse(A,B)  :-  parent(A ,C) ,  child(C ,D) ,  child(B ,D).
0.0275 negspouse(A,B)  :-  predecessor(C ,B) ,  successor(C ,D) ,  successor(D ,A).
0.0275 negspouse(A,B)  :-  primeMinister(A ,C) ,  predecessor(D ,C) ,  successor(D ,B).
0.0275 negspouse(A,B)  :-  spouse(C ,B) ,  spouse(B ,C) ,  child(B ,A).
0.0275 negspouse(A,B)  :-  child(C ,A) ,  parent(D ,C) ,  child(B ,D).
0.0275 negspouse(A,B)  :-  president(A ,C) ,  president(D ,C) ,  predecessor(B ,D).
0.02625 negspouse(A,B)  :-  office(A ,C) ,  office(B ,C).
0.02625 negspouse(A,B)  :-  activeYearsStartYear(A ,C) ,  activeYearsEndYear(B ,C).
0.02625 negspouse(A,B)  :-  office(B ,C) ,  office(A ,C) ,  C=C.
0.02625 negspouse(A,B)  :-  predecessor(B ,C) ,  almaMater(C ,D) ,  almaMater(A ,D).
0.02625 negspouse(A,B)  :-  successor(A ,C) ,  president(C ,D) ,  president(B ,D).
0.02625 negspouse(A,B)  :-  child(C ,A) ,  successor(D ,B) ,  !C=D.
0.02625 negspouse(A,B)  :-  successor(C ,B) ,  successor(D ,C) ,  predecessor(D ,A).
0.02625 negspouse(A,B)  :-  deathPlace(B ,C) ,  deathPlace(A ,C) ,  parent(A ,B).
0.02625 negspouse(A,B)  :-  primeMinister(B ,C) ,  spouse(D ,A) ,  !C=D.
0.02625 negspouse(A,B)  :-  birthPlace(B ,C) ,  capital(D ,C) ,  deathPlace(A ,D).
0.02625 negspouse(A,B)  :-  president(B ,C) ,  president(D ,C) ,  successor(A ,D).
0.02625 negspouse(A,B)  :-  predecessor(C ,A) ,  successor(C ,D) ,  predecessor(B ,D).
0.02625 negspouse(A,B)  :-  predecessor(B ,C) ,  successor(D ,C) ,  predecessor(D ,A).
0.02625 negspouse(A,B)  :-  successor(A ,C) ,  parent(C ,A) ,  predecessor(A ,B).
0.02625 negspouse(A,B)  :-  successor(C ,B) ,  nationality(C ,D) ,  nationality(A ,D).
0.02625 negspouse(A,B)  :-  nationality(A ,C) ,  nationality(D ,C) ,  successor(D ,B).
0.02625 negspouse(A,B)  :-  almaMater(A ,C) ,  almaMater(D ,C) ,  predecessor(B ,D).
0.02625 negspouse(A,B)  :-  birthPlace(B ,C) ,  birthPlace(A ,C) ,  successor(A ,B).
0.025 negspouse(A,B)  :-  successor(B ,C) ,  successor(C ,D) ,  predecessor(A ,D).
0.025 negspouse(A,B)  :-  birthPlace(B ,C) ,  deathPlace(A ,C) ,  successor(B ,A).
0.025 negspouse(A,B)  :-  parent(A ,C) ,  successor(C ,A) ,  parent(B ,A).
0.025 negspouse(A,B)  :-  party(B ,C) ,  country(C ,D) ,  birthPlace(A ,D).
0.025 negspouse(A,B)  :-  activeYearsStartYear(B ,C) ,  activeYearsEndYear(A ,C).
0.025 negspouse(A,B)  :-  parent(A ,C) ,  parent(D ,C) ,  child(B ,D).
0.025 negspouse(A,B)  :-  child(B ,A) ,  spouse(B ,C) ,  child(C ,A).
0.025 negspouse(A,B)  :-  parent(C ,B) ,  child(B ,C) ,  parent(A ,B).
0.025 negspouse(A,B)  :-  child(B ,C) ,  parent(C ,D) ,  parent(A ,D).
0.025 negspouse(A,B)  :-  predecessor(A ,C) ,  successor(D ,C) ,  successor(B ,D).
0.025 negspouse(A,B)  :-  child(B ,A) ,  spouse(C ,B) ,  child(C ,A).
0.025 negspouse(A,B)  :-  predecessor(C ,A) ,  parent(C ,A) ,  parent(A ,B).
0.025 negspouse(A,B)  :-  birthPlace(B ,C) ,  deathPlace(B ,C) ,  parent(B ,A).
0.025 negspouse(A,B)  :-  religion(B ,C) ,  religion(A ,C).
0.025 negspouse(A,B)  :-  deathPlace(B ,C) ,  deathPlace(A ,C) ,  successor(B ,A).
0.025 negspouse(A,B)  :-  successor(B ,C) ,  predecessor(C ,B) ,  parent(B ,A).
0.02375 negspouse(A,B)  :-  successor(A ,B) ,  activeYearsStartYear(B ,C) ,  activeYearsEndYear(A ,C).
0.02375 negspouse(A,B)  :-  birthPlace(B ,C) ,  birthPlace(A ,C) ,  parent(B ,A).
0.02375 negspouse(A,B)  :-  successor(C ,A) ,  president(C ,D) ,  predecessor(B ,D).
0.02375 negspouse(A,B)  :-  parent(A ,C) ,  child(C ,A) ,  child(B ,A).
0.02375 negspouse(A,B)  :-  child(B ,C) ,  party(C ,D) ,  party(A ,D).
0.02375 negspouse(A,B)  :-  deathPlace(A ,C) ,  restingPlace(D ,C) ,  parent(D ,B).
0.02375 negspouse(A,B)  :-  predecessor(B ,C) ,  president(D ,C) ,  successor(D ,A).
0.02375 negspouse(A,B)  :-  president(B ,C) ,  president(D ,C) ,  predecessor(A ,D).
0.02375 negspouse(A,B)  :-  relative(C ,B) ,  relative(A ,D) ,  !C=D.
0.02375 negspouse(A,B)  :-  relative(A ,C) ,  relative(D ,B) ,  !D=C.
0.02375 negspouse(A,B)  :-  birthPlace(B ,C) ,  deathPlace(B ,C) ,  successor(B ,A).
0.02375 negspouse(A,B)  :-  nationality(A ,C) ,  nationality(D ,C) ,  predecessor(D ,B).
0.02375 negspouse(A,B)  :-  predecessor(C ,B) ,  nationality(C ,D) ,  nationality(A ,D).
0.02375 negspouse(A,B)  :-  birthPlace(B ,C) ,  deathPlace(A ,C) ,  parent(A ,B).
0.02375 negspouse(A,B)  :-  child(A ,C) ,  parent(D ,B) ,  !C=D.
0.02375 negspouse(A,B)  :-  activeYearsStartYear(A ,C) ,  activeYearsEndYear(D ,C) ,  parent(D ,B).
0.02375 negspouse(A,B)  :-  successor(A ,B) ,  birthPlace(B ,C) ,  deathPlace(A ,C).
0.02375 negspouse(A,B)  :-  parent(C ,B) ,  activeYearsEndYear(C ,D) ,  activeYearsStartYear(A ,D).
0.02375 negspouse(A,B)  :-  successor(C ,B) ,  president(D ,C) ,  predecessor(A ,D).
0.02375 negspouse(A,B)  :-  successor(C ,B) ,  primeMinister(D ,C) ,  primeMinister(A ,D).
0.02375 negspouse(A,B)  :-  parent(B ,A) ,  birthPlace(B ,C) ,  deathPlace(A ,C).
0.02375 negspouse(A,B)  :-  predecessor(A ,C) ,  president(C ,D) ,  president(B ,D).
0.02375 negspouse(A,B)  :-  successor(A ,B) ,  birthPlace(B ,C) ,  deathPlace(B ,C).
0.02375 negspouse(A,B)  :-  predecessor(A ,C) ,  president(C ,D) ,  successor(D ,B).
0.02375 negspouse(A,B)  :-  relative(A ,C) ,  relative(D ,B) ,  !C=D.
0.02375 negspouse(A,B)  :-  parent(C ,B) ,  restingPlace(C ,D) ,  deathPlace(A ,D).
0.02375 negspouse(A,B)  :-  successor(B ,A) ,  spouse(C ,B) ,  parent(A ,C).
0.02375 negspouse(A,B)  :-  relative(C ,B) ,  relative(C ,D) ,  relative(A ,D).
0.0225 negspouse(A,B)  :-  birthPlace(A ,C) ,  deathPlace(D ,C) ,  child(D ,B).
0.0225 negspouse(A,B)  :-  successor(A ,B) ,  successor(B ,C) ,  successor(C ,B).
0.0225 negspouse(A,B)  :-  president(C ,B) ,  spouse(A ,D) ,  !C=D.
0.0225 negspouse(A,B)  :-  predecessor(A ,B) ,  successor(C ,B) ,  parent(B ,C).
0.0225 negspouse(A,B)  :-  predecessor(A ,B) ,  spouse(B ,C) ,  parent(A ,C).
0.0225 negspouse(A,B)  :-  successor(A ,C) ,  successor(C ,A) ,  successor(A ,B).
0.0225 negspouse(A,B)  :-  parent(A ,C) ,  restingPlace(C ,D) ,  deathPlace(B ,D).
0.0225 negspouse(A,B)  :-  relative(C ,B) ,  birthPlace(C ,D) ,  birthPlace(A ,D).
0.0225 negspouse(A,B)  :-  child(C ,A) ,  successor(B ,D) ,  !C=D.
0.0225 negspouse(A,B)  :-  successor(B ,A) ,  predecessor(B ,C) ,  parent(B ,C).
0.0225 negspouse(A,B)  :-  birthPlace(A ,C) ,  deathPlace(A ,C) ,  successor(A ,B).
0.0225 negspouse(A,B)  :-  successor(B ,C) ,  primeMinister(D ,C) ,  successor(A ,D).
0.0225 negspouse(A,B)  :-  successor(A ,C) ,  primeMinister(C ,D) ,  successor(B ,D).
0.0225 negspouse(A,B)  :-  spouse(A ,C) ,  child(C ,B).
0.0225 negspouse(A,B)  :-  spouse(A ,C) ,  parent(B ,C) ,  successor(A ,B).
0.0225 negspouse(A,B)  :-  almaMater(B ,C) ,  country(C ,D) ,  birthPlace(A ,D).
0.0225 negspouse(A,B)  :-  deathPlace(B ,C) ,  restingPlace(A ,C).
0.0225 negspouse(A,B)  :-  deathPlace(B ,C) ,  restingPlace(D ,C) ,  parent(A ,D).
0.0225 negspouse(A,B)  :-  predecessor(A ,B) ,  activeYearsEndYear(B ,C) ,  activeYearsStartYear(A ,C).
0.0225 negspouse(A,B)  :-  restingPlace(B ,C) ,  restingPlace(A ,C).
0.0225 negspouse(A,B)  :-  child(C ,B) ,  deathPlace(C ,D) ,  birthPlace(A ,D).
0.02125 negspouse(A,B)  :-  birthPlace(A ,C) ,  nationality(D ,C) ,  president(D ,B).
0.02125 negspouse(A,B)  :-  activeYearsStartYear(A ,C) ,  activeYearsEndYear(B ,C) ,  parent(A ,B).
0.02125 negspouse(A,B)  :-  successor(C ,A) ,  predecessor(C ,D) ,  predecessor(D ,B).
0.02125 negspouse(A,B)  :-  president(C ,B) ,  nationality(C ,D) ,  birthPlace(A ,D).
0.02125 negspouse(A,B)  :-  predecessor(A ,B) ,  predecessor(B ,C) ,  parent(B ,C).
0.02125 negspouse(A,B)  :-  child(A ,B) ,  child(C ,B) ,  spouse(A ,C).
0.02125 negspouse(A,B)  :-  birthPlace(A ,C) ,  country(C ,D) ,  leader(D ,B).
0.02125 negspouse(A,B)  :-  leader(C ,B) ,  country(D ,C) ,  birthPlace(A ,D).
0.02125 negspouse(A,B)  :-  successor(B ,C) ,  parent(C ,B) ,  parent(B ,A).
0.02125 negspouse(A,B)  :-  spouse(C ,A) ,  child(C ,B).
0.02125 negspouse(A,B)  :-  birthPlace(A ,C) ,  birthPlace(D ,C) ,  primeMinister(B ,D).
0.02125 negspouse(A,B)  :-  activeYearsEndYear(A ,C) ,  activeYearsStartYear(B ,D) ,  C<D.
0.02125 negspouse(A,B)  :-  activeYearsStartYear(B ,C) ,  activeYearsEndYear(A ,D) ,  C>D.
0.02125 negspouse(A,B)  :-  primeMinister(B ,C) ,  birthPlace(C ,D) ,  birthPlace(A ,D).
0.02125 negspouse(A,B)  :-  predecessor(C ,B) ,  predecessor(D ,C) ,  successor(D ,A).
0.02 negspouse(A,B)  :-  successor(C ,A) ,  primeMinister(C ,D) ,  successor(B ,D).
0.02 negspouse(A,B)  :-  successor(B ,C) ,  nationality(C ,D) ,  nationality(A ,D).
0.02 negspouse(A,B)  :-  birthPlace(A ,C) ,  restingPlace(D ,C) ,  parent(D ,B).
0.02 negspouse(A,B)  :-  parent(B ,C) ,  restingPlace(C ,D) ,  birthPlace(A ,D).
0.02 negspouse(A,B)  :-  activeYearsStartYear(B ,C) ,  activeYearsEndYear(A ,C) ,  predecessor(B ,A).
0.02 negspouse(A,B)  :-  birthPlace(A ,C) ,  restingPlace(D ,C) ,  parent(B ,D).
0.02 negspouse(A,B)  :-  predecessor(A ,C) ,  president(C ,D) ,  predecessor(B ,D).
0.02 negspouse(A,B)  :-  successor(B ,C) ,  primeMinister(D ,C) ,  successor(D ,A).
0.02 negspouse(A,B)  :-  party(A ,C) ,  country(C ,D) ,  birthPlace(B ,D).
0.02 negspouse(A,B)  :-  parent(C ,B) ,  restingPlace(C ,D) ,  birthPlace(A ,D).
0.02 negspouse(A,B)  :-  predecessor(B ,C) ,  president(D ,C) ,  predecessor(A ,D).
0.02 negspouse(A,B)  :-  nationality(A ,C) ,  nationality(D ,C) ,  successor(B ,D).
0.02 negspouse(A,B)  :-  party(B ,C) ,  party(A ,C) ,  successor(A ,B).
0.02 negspouse(A,B)  :-  writer(C ,A) ,  writer(D ,B) ,  !C=D.
0.02 negspouse(A,B)  :-  child(A ,B) ,  child(C ,B) ,  spouse(C ,A).
0.02 negspouse(A,B)  :-  predecessor(C ,B) ,  parent(C ,B) ,  parent(B ,A).
0.02 negspouse(A,B)  :-  spouse(A ,C) ,  parent(B ,C) ,  predecessor(B ,A).
0.02 negspouse(A,B)  :-  birthPlace(A ,C) ,  deathPlace(A ,C) ,  predecessor(A ,B).
0.01875 negspouse(A,B)  :-  parent(C ,A) ,  restingPlace(C ,D) ,  deathPlace(B ,D).
0.01875 negspouse(A,B)  :-  successor(C ,A) ,  nationality(C ,D) ,  nationality(B ,D).
0.01875 negspouse(A,B)  :-  successor(B ,C) ,  predecessor(D ,C) ,  predecessor(A ,D).
0.01875 negspouse(A,B)  :-  successor(A ,C) ,  predecessor(A ,C) ,  successor(A ,B).
0.01875 negspouse(A,B)  :-  birthPlace(B ,C) ,  birthPlace(A ,C) ,  predecessor(B ,A).
0.01875 negspouse(A,B)  :-  president(C ,B) ,  country(C ,D) ,  birthPlace(A ,D).
0.01875 negspouse(A,B)  :-  birthPlace(A ,C) ,  deathPlace(A ,C) ,  successor(B ,A).
0.01875 negspouse(A,B)  :-  successor(B ,C) ,  primeMinister(C ,D) ,  successor(D ,A).
0.01875 negspouse(A,B)  :-  birthPlace(B ,C) ,  deathPlace(A ,C) ,  predecessor(A ,B).
0.01875 negspouse(A,B)  :-  successor(C ,B) ,  president(A ,C).
0.01875 negspouse(A,B)  :-  successor(A ,C) ,  predecessor(A ,C) ,  predecessor(A ,B).
0.01875 negspouse(A,B)  :-  birthPlace(B ,C) ,  deathPlace(B ,C) ,  predecessor(B ,A).
0.01875 negspouse(A,B)  :-  deathPlace(B ,C) ,  restingPlace(D ,C) ,  parent(D ,A).
0.01875 negspouse(A,B)  :-  successor(C ,B) ,  primeMinister(D ,C) ,  successor(D ,A).
0.01875 negspouse(A,B)  :-  successor(C ,A) ,  primeMinister(D ,C) ,  successor(B ,D).
0.01875 negspouse(A,B)  :-  party(B ,C) ,  party(A ,C) ,  successor(B ,A).
0.01875 negspouse(A,B)  :-  deathPlace(A ,C) ,  restingPlace(D ,C) ,  parent(B ,D).
0.01875 negspouse(A,B)  :-  child(B ,A) ,  spouse(C ,B) ,  parent(A ,C).
0.01875 negspouse(A,B)  :-  successor(C ,A) ,  primeMinister(C ,D) ,  successor(D ,B).
0.01875 negspouse(A,B)  :-  predecessor(A ,C) ,  predecessor(C ,D) ,  successor(B ,D).
0.01875 negspouse(A,B)  :-  relative(C ,B) ,  relative(C ,D) ,  child(A ,D).
0.01875 negspouse(A,B)  :-  almaMater(A ,C) ,  country(C ,D) ,  birthPlace(B ,D).
0.01875 negspouse(A,B)  :-  relative(C ,B) ,  parent(D ,A) ,  !C=D.
0.01875 negspouse(A,B)  :-  activeYearsStartYear(A ,C) ,  activeYearsEndYear(B ,C) ,  successor(B ,A).
0.01875 negspouse(A,B)  :-  birthPlace(B ,C) ,  deathPlace(A ,C) ,  predecessor(B ,A).
0.01875 negspouse(A,B)  :-  child(B ,C) ,  birthPlace(C ,D) ,  deathPlace(A ,D).
0.01875 negspouse(A,B)  :-  nationality(B ,C) ,  nationality(D ,C) ,  successor(D ,A).
0.01875 negspouse(A,B)  :-  successor(C ,B) ,  country(C ,D) ,  birthPlace(A ,D).
0.01875 negspouse(A,B)  :-  parent(B ,C) ,  restingPlace(C ,D) ,  deathPlace(A ,D).
0.0175 negspouse(A,B)  :-  country(B ,C) ,  country(D ,C) ,  birthPlace(A ,D).
0.0175 negspouse(A,B)  :-  successor(A ,C) ,  primeMinister(D ,C) ,  predecessor(D ,B).
0.0175 negspouse(A,B)  :-  birthPlace(B ,C) ,  birthPlace(D ,C) ,  president(D ,A).
0.0175 negspouse(A,B)  :-  nationality(A ,C) ,  nationality(D ,C) ,  predecessor(B ,D).
0.0175 negspouse(A,B)  :-  successor(B ,A) ,  successor(C ,B) ,  successor(B ,C).
0.0175 negspouse(A,B)  :-  almaMater(B ,C) ,  almaMater(A ,C).
0.0175 negspouse(A,B)  :-  birthPlace(B ,C) ,  country(C ,D) ,  country(A ,D).
0.0175 negspouse(A,B)  :-  president(B ,C) ,  birthPlace(C ,D) ,  birthPlace(A ,D).
0.0175 negspouse(A,B)  :-  successor(A ,B) ,  predecessor(C ,B) ,  successor(C ,B).
0.0175 negspouse(A,B)  :-  restingPlace(A ,C) ,  deathPlace(D ,C) ,  parent(D ,B).
0.0175 negspouse(A,B)  :-  successor(B ,C) ,  country(C ,D) ,  birthPlace(A ,D).
0.0175 negspouse(A,B)  :-  successor(B ,C) ,  president(D ,C) ,  successor(A ,D).
0.0175 negspouse(A,B)  :-  birthPlace(A ,C) ,  country(C ,D) ,  country(B ,D).
0.0175 negspouse(A,B)  :-  country(A ,C) ,  country(D ,C) ,  birthPlace(B ,D).
0.0175 negspouse(A,B)  :-  successor(C ,B) ,  primeMinister(C ,D) ,  successor(A ,D).
0.0175 negspouse(A,B)  :-  successor(A ,C) ,  primeMinister(D ,C) ,  successor(D ,B).
0.0175 negspouse(A,B)  :-  birthPlace(A ,C) ,  deathPlace(A ,C) ,  predecessor(B ,A).
0.0175 negspouse(A,B)  :-  successor(A ,C) ,  president(C ,D) ,  successor(B ,D).
0.0175 negspouse(A,B)  :-  successor(A ,C) ,  primeMinister(C ,D) ,  predecessor(D ,B).
0.0175 negspouse(A,B)  :-  successor(A ,B) ,  successor(B ,C) ,  predecessor(B ,C).
0.0175 negspouse(A,B)  :-  birthPlace(A ,C) ,  deathPlace(B ,C) ,  successor(B ,A).
0.0175 negspouse(A,B)  :-  predecessor(C ,B) ,  primeMinister(D ,C) ,  successor(A ,D).
0.0175 negspouse(A,B)  :-  restingPlace(A ,C) ,  birthPlace(D ,C) ,  parent(D ,B).
0.0175 negspouse(A,B)  :-  birthPlace(B ,C) ,  deathPlace(B ,C) ,  predecessor(A ,B).
0.0175 negspouse(A,B)  :-  parent(C ,B) ,  birthPlace(C ,D) ,  restingPlace(A ,D).
0.0175 negspouse(A,B)  :-  successor(B ,A) ,  spouse(B ,C) ,  parent(A ,C).
0.0175 negspouse(A,B)  :-  president(C ,A) ,  birthPlace(C ,D) ,  birthPlace(B ,D).
0.0175 negspouse(A,B)  :-  predecessor(C ,B) ,  primeMinister(D ,C) ,  predecessor(D ,A).
0.0175 negspouse(A,B)  :-  parent(C ,B) ,  deathPlace(C ,D) ,  restingPlace(A ,D).
0.0175 negspouse(A,B)  :-  predecessor(C ,A) ,  primeMinister(C ,D) ,  predecessor(D ,B).
0.0175 negspouse(A,B)  :-  predecessor(B ,C) ,  nationality(C ,D) ,  nationality(A ,D).
0.01625 negspouse(A,B)  :-  successor(B ,C) ,  primeMinister(C ,D) ,  successor(A ,D).
0.01625 negspouse(A,B)  :-  commander(C ,A) ,  place(C ,D) ,  deathPlace(B ,D).
0.01625 negspouse(A,B)  :-  birthPlace(A ,C) ,  headquarter(D ,C) ,  party(B ,D).
0.01625 negspouse(A,B)  :-  parent(B ,A) ,  deathPlace(B ,C) ,  deathPlace(A ,C).
0.01625 negspouse(A,B)  :-  successor(A ,C) ,  primeMinister(D ,C) ,  successor(B ,D).
0.01625 negspouse(A,B)  :-  party(B ,C) ,  headquarter(C ,D) ,  birthPlace(A ,D).
0.01625 negspouse(A,B)  :-  birthPlace(B ,C) ,  restingPlace(D ,C) ,  parent(A ,D).
0.01625 negspouse(A,B)  :-  successor(B ,C) ,  president(D ,C) ,  predecessor(D ,A).
0.01625 negspouse(A,B)  :-  birthPlace(A ,C) ,  deathPlace(A ,C) ,  parent(B ,A).
0.01625 negspouse(A,B)  :-  successor(B ,C) ,  primeMinister(D ,C) ,  predecessor(D ,A).
0.01625 negspouse(A,B)  :-  spouse(B ,C) ,  deathPlace(C ,D) ,  restingPlace(A ,D).
0.01625 negspouse(A,B)  :-  restingPlace(A ,C) ,  deathPlace(D ,C) ,  spouse(B ,D).
0.01625 negspouse(A,B)  :-  relative(A ,B).
0.01625 negspouse(A,B)  :-  predecessor(C ,A) ,  president(C ,D) ,  successor(B ,D).
0.01625 negspouse(A,B)  :-  successor(B ,C) ,  successor(A ,C).
0.01625 negspouse(A,B)  :-  president(C ,B) ,  residence(C ,D) ,  birthPlace(A ,D).
0.01625 negspouse(A,B)  :-  spouse(A ,C) ,  successor(C ,D) ,  spouse(D ,B).
0.01625 negspouse(A,B)  :-  deathPlace(B ,C) ,  deathPlace(A ,C) ,  predecessor(A ,B).
0.01625 negspouse(A,B)  :-  predecessor(C ,A) ,  primeMinister(C ,D) ,  successor(B ,D).
0.01625 negspouse(A,B)  :-  birthPlace(B ,C) ,  place(D ,C) ,  commander(D ,A).
0.01625 negspouse(A,B)  :-  parent(A ,C) ,  restingPlace(C ,D) ,  birthPlace(B ,D).
0.01625 negspouse(A,B)  :-  spouse(C ,B) ,  successor(D ,C) ,  spouse(A ,D).
0.01625 negspouse(A,B)  :-  commander(C ,A) ,  place(C ,D) ,  birthPlace(B ,D).
0.01625 negspouse(A,B)  :-  successor(A ,B) ,  predecessor(C ,B) ,  parent(C ,B).
0.015 negspouse(A,B)  :-  deathPlace(B ,C) ,  deathPlace(A ,C) ,  predecessor(B ,A).
0.015 negspouse(A,B)  :-  termPeriod(A ,C) ,  office(C ,D) ,  office(B ,D).
0.015 negspouse(A,B)  :-  activeYearsStartYear(B ,C) ,  activeYearsEndYear(B ,C) ,  parent(A ,B).
0.015 negspouse(A,B)  :-  successor(A ,C) ,  restingPlace(C ,D) ,  deathPlace(B ,D).
0.015 negspouse(A,B)  :-  spouse(A ,C) ,  successor(C ,D) ,  spouse(B ,D).
0.015 negspouse(A,B)  :-  spouse(B ,C) ,  successor(D ,C) ,  spouse(A ,D).
0.015 negspouse(A,B)  :-  spouse(C ,A) ,  successor(C ,D) ,  spouse(D ,B).
0.015 negspouse(A,B)  :-  birthPlace(A ,C) ,  deathPlace(B ,C) ,  predecessor(A ,B).
0.015 negspouse(A,B)  :-  office(B ,C) ,  office(D ,C) ,  termPeriod(A ,D).
0.015 negspouse(A,B)  :-  title(A ,C) ,  title(B ,C) ,  C=C.
0.015 negspouse(A,B)  :-  successor(B ,C) ,  birthPlace(C ,D) ,  restingPlace(A ,D).
0.015 negspouse(A,B)  :-  predecessor(C ,B) ,  primeMinister(D ,C) ,  successor(D ,A).
0.015 negspouse(A,B)  :-  spouse(C ,B) ,  successor(D ,C) ,  spouse(D ,A).
0.015 negspouse(A,B)  :-  title(A ,C) ,  title(B ,C).
0.015 negspouse(A,B)  :-  almaMater(B ,C) ,  city(C ,D) ,  birthPlace(A ,D).
0.015 negspouse(A,B)  :-  successor(C ,B) ,  successor(C ,A).
0.015 negspouse(A,B)  :-  restingPlace(A ,C) ,  birthPlace(D ,C) ,  successor(B ,D).
0.015 negspouse(A,B)  :-  activeYearsStartYear(A ,C) ,  activeYearsEndYear(A ,C) ,  parent(A ,B).
0.015 negspouse(A,B)  :-  child(A ,C) ,  party(C ,D) ,  party(B ,D).
0.015 negspouse(A,B)  :-  successor(C ,A) ,  primeMinister(C ,D) ,  predecessor(D ,B).
0.015 negspouse(A,B)  :-  birthPlace(A ,C) ,  city(D ,C) ,  almaMater(B ,D).
0.015 negspouse(A,B)  :-  successor(B ,A) ,  successor(C ,B) ,  predecessor(C ,B).
0.015 negspouse(A,B)  :-  party(B ,C) ,  party(A ,C) ,  predecessor(B ,A).
0.015 negspouse(A,B)  :-  successor(A ,B) ,  deathPlace(B ,C) ,  deathPlace(A ,C).
0.01375 negspouse(A,B)  :-  primeMinister(C ,A) ,  spouse(D ,B) ,  !C=D.
0.01375 negspouse(A,B)  :-  monarch(C ,A) ,  deathPlace(C ,D) ,  deathPlace(B ,D).
0.01375 negspouse(A,B)  :-  spouse(B ,C) ,  successor(D ,C) ,  spouse(D ,A).
0.01375 negspouse(A,B)  :-  spouse(A ,C) ,  successor(D ,C) ,  spouse(D ,B).
0.01375 negspouse(A,B)  :-  birthPlace(B ,C) ,  location(D ,C) ,  birthPlace(A ,D).
0.01375 negspouse(A,B)  :-  office(A ,C) ,  office(D ,C) ,  termPeriod(B ,D).
0.01375 negspouse(A,B)  :-  birthPlace(B ,C) ,  restingPlace(D ,C) ,  parent(D ,A).
0.01375 negspouse(A,B)  :-  spouse(C ,A) ,  successor(C ,D) ,  spouse(B ,D).
0.01375 negspouse(A,B)  :-  spouse(C ,B) ,  successor(C ,D) ,  spouse(A ,D).
0.01375 negspouse(A,B)  :-  predecessor(C ,B) ,  country(C ,D) ,  birthPlace(A ,D).
0.01375 negspouse(A,B)  :-  party(B ,C) ,  headquarter(C ,D) ,  deathPlace(A ,D).
0.01375 negspouse(A,B)  :-  spouse(C ,B) ,  predecessor(D ,C) ,  spouse(A ,D).
0.01375 negspouse(A,B)  :-  primeMinister(A ,C) ,  deathPlace(C ,D) ,  birthPlace(B ,D).
0.01375 negspouse(A,B)  :-  spouse(A ,C) ,  predecessor(C ,D) ,  spouse(B ,D).
0.01375 negspouse(A,B)  :-  successor(A ,C) ,  nationality(C ,D) ,  nationality(B ,D).
0.01375 negspouse(A,B)  :-  deathPlace(A ,C) ,  restingPlace(B ,C).
0.01375 negspouse(A,B)  :-  deathPlace(B ,C) ,  deathPlace(D ,C) ,  monarch(D ,A).
0.01375 negspouse(A,B)  :-  birthPlace(A ,C) ,  location(D ,C) ,  deathPlace(B ,D).
0.01375 negspouse(A,B)  :-  successor(C ,B) ,  restingPlace(C ,D) ,  birthPlace(A ,D).
0.01375 negspouse(A,B)  :-  spouse(A ,C) ,  predecessor(C ,D) ,  spouse(D ,B).
0.01375 negspouse(A,B)  :-  predecessor(B ,C) ,  restingPlace(C ,D) ,  birthPlace(A ,D).
0.01375 negspouse(A,B)  :-  activeYearsStartYear(B ,C) ,  activeYearsEndYear(B ,C) ,  predecessor(A ,B).
0.01375 negspouse(A,B)  :-  successor(A ,C) ,  successor(C ,B).
0.01375 negspouse(A,B)  :-  birthPlace(B ,C) ,  deathPlace(D ,C) ,  primeMinister(A ,D).
0.01375 negspouse(A,B)  :-  birthPlace(A ,C) ,  restingPlace(D ,C) ,  spouse(D ,B).
0.01375 negspouse(A,B)  :-  nationality(B ,C) ,  nationality(D ,C) ,  predecessor(D ,A).
0.01375 negspouse(A,B)  :-  parent(C ,A) ,  birthPlace(C ,D) ,  restingPlace(B ,D).
0.01375 negspouse(A,B)  :-  spouse(C ,B) ,  spouse(B ,C) ,  child(A ,B).
0.01375 negspouse(A,B)  :-  termPeriod(B ,C) ,  office(C ,D) ,  office(A ,D).
0.01375 negspouse(A,B)  :-  birthPlace(B ,C) ,  restingPlace(A ,C).
0.01375 negspouse(A,B)  :-  predecessor(B ,C) ,  president(A ,C).
0.01375 negspouse(A,B)  :-  relative(C ,B) ,  relative(A ,C).
0.01375 negspouse(A,B)  :-  spouse(B ,C) ,  predecessor(D ,C) ,  spouse(A ,D).
0.01375 negspouse(A,B)  :-  parent(C ,A) ,  restingPlace(C ,D) ,  birthPlace(B ,D).
0.01375 negspouse(A,B)  :-  deathPlace(A ,C) ,  headquarter(D ,C) ,  party(B ,D).
0.01375 negspouse(A,B)  :-  predecessor(A ,C) ,  primeMinister(C ,D) ,  successor(B ,D).
0.01375 negspouse(A,B)  :-  restingPlace(B ,C) ,  birthPlace(D ,C) ,  parent(D ,A).
0.01375 negspouse(A,B)  :-  parent(A ,C) ,  parent(B ,C).
0.01375 negspouse(A,B)  :-  predecessor(C ,A) ,  nationality(C ,D) ,  nationality(B ,D).
0.01375 negspouse(A,B)  :-  spouse(C ,B) ,  restingPlace(C ,D) ,  birthPlace(A ,D).
0.01375 negspouse(A,B)  :-  successor(B ,C) ,  primeMinister(D ,C) ,  predecessor(A ,D).
0.01375 negspouse(A,B)  :-  predecessor(B ,A) ,  parent(B ,C) ,  spouse(C ,A).
0.01375 negspouse(A,B)  :-  spouse(C ,B) ,  predecessor(C ,D) ,  spouse(A ,D).
0.01375 negspouse(A,B)  :-  birthPlace(A ,C) ,  leader(C ,B).
0.01375 negspouse(A,B)  :-  spouse(A ,C) ,  predecessor(D ,C) ,  spouse(D ,B).
0.01375 negspouse(A,B)  :-  successor(A ,B) ,  successor(B ,C) ,  parent(C ,B).
0.01375 negspouse(A,B)  :-  nationality(B ,C) ,  nationality(D ,C) ,  successor(A ,D).
0.0125 negspouse(A,B)  :-  successor(A ,C) ,  president(D ,C) ,  successor(B ,D).
0.0125 negspouse(A,B)  :-  spouse(C ,B) ,  predecessor(D ,C) ,  spouse(D ,A).
0.0125 negspouse(A,B)  :-  activeYearsStartYear(B ,C) ,  birthYear(A ,D) ,  C<D.
0.0125 negspouse(A,B)  :-  president(C ,B) ,  spouse(D ,A) ,  !C=D.
0.0125 negspouse(A,B)  :-  region(B ,C) ,  country(C ,D) ,  birthPlace(A ,D).
0.0125 negspouse(A,B)  :-  party(B ,C) ,  party(A ,C) ,  predecessor(A ,B).
0.0125 negspouse(A,B)  :-  successor(A ,B) ,  successor(B ,A).
0.0125 negspouse(A,B)  :-  successor(A ,B) ,  deathPlace(B ,C) ,  birthPlace(A ,C).
0.0125 negspouse(A,B)  :-  parent(B ,A) ,  deathPlace(B ,C) ,  birthPlace(A ,C).
0.0125 negspouse(A,B)  :-  birthYear(A ,C) ,  activeYearsStartYear(B ,D) ,  C>D.
0.0125 negspouse(A,B)  :-  nationality(B ,C) ,  nationality(D ,C) ,  predecessor(A ,D).
0.0125 negspouse(A,B)  :-  predecessor(B ,A) ,  predecessor(C ,B) ,  parent(C ,B).
0.0125 negspouse(A,B)  :-  birthPlace(A ,C) ,  restingPlace(D ,C) ,  spouse(B ,D).
0.0125 negspouse(A,B)  :-  monarch(C ,A) ,  birthPlace(C ,D) ,  birthPlace(B ,D).
0.0125 negspouse(A,B)  :-  activeYearsStartYear(B ,C) ,  activeYearsEndYear(B ,C) ,  successor(B ,A).
0.0125 negspouse(A,B)  :-  predecessor(A ,C) ,  nationality(C ,D) ,  nationality(B ,D).
0.0125 negspouse(A,B)  :-  parent(B ,A) ,  activeYearsStartYear(B ,C) ,  activeYearsEndYear(A ,C).
0.0125 negspouse(A,B)  :-  predecessor(B ,A) ,  successor(B ,C) ,  parent(C ,B).
0.0125 negspouse(A,B)  :-  spouse(A ,C) ,  successor(D ,C) ,  spouse(B ,D).
0.0125 negspouse(A,B)  :-  spouse(A ,C) ,  spouse(C ,A) ,  child(B ,A).
0.0125 negspouse(A,B)  :-  monarch(C ,A) ,  birthPlace(C ,D) ,  deathPlace(B ,D).
0.0125 negspouse(A,B)  :-  spouse(C ,A) ,  predecessor(C ,D) ,  spouse(D ,B).
0.0125 negspouse(A,B)  :-  successor(C ,B) ,  primeMinister(D ,C) ,  predecessor(A ,D).
0.0125 negspouse(A,B)  :-  spouse(B ,C) ,  successor(C ,D) ,  spouse(A ,D).
0.0125 negspouse(A,B)  :-  spouse(B ,C) ,  predecessor(D ,C) ,  spouse(D ,A).
0.0125 negspouse(A,B)  :-  spouse(B ,C) ,  restingPlace(C ,D) ,  birthPlace(A ,D).
0.0125 negspouse(A,B)  :-  spouse(C ,A) ,  predecessor(C ,D) ,  spouse(B ,D).
0.01125 negspouse(A,B)  :-  successor(C ,B) ,  predecessor(A ,C).
0.01125 negspouse(A,B)  :-  almaMater(A ,C) ,  city(C ,D) ,  birthPlace(B ,D).
0.01125 negspouse(A,B)  :-  deathPlace(B ,C) ,  deathPlace(A ,C) ,  restingPlace(A ,C).
0.01125 negspouse(A,B)  :-  deathPlace(A ,C) ,  restingPlace(A ,C) ,  parent(A ,B).
0.01125 negspouse(A,B)  :-  child(B ,C) ,  relative(A ,C).
0.01125 negspouse(A,B)  :-  birthPlace(B ,C) ,  city(D ,C) ,  almaMater(A ,D).
0.01125 negspouse(A,B)  :-  spouse(B ,C) ,  predecessor(C ,D) ,  spouse(A ,D).
0.01125 negspouse(A,B)  :-  spouse(C ,A) ,  predecessor(D ,C) ,  spouse(D ,B).
0.01125 negspouse(A,B)  :-  president(C ,B) ,  leader(D ,C) ,  birthPlace(A ,D).
0.01125 negspouse(A,B)  :-  successor(B ,A) ,  office(B ,C) ,  office(A ,C).
0.01125 negspouse(A,B)  :-  birthPlace(B ,C) ,  largestCity(D ,C) ,  deathPlace(A ,D).
0.01125 negspouse(A,B)  :-  parent(A ,C) ,  deathPlace(C ,D) ,  restingPlace(B ,D).
0.01125 negspouse(A,B)  :-  region(B ,C) ,  isPartOf(D ,C) ,  birthPlace(A ,D).
0.01125 negspouse(A,B)  :-  spouse(C ,B) ,  predecessor(C ,D) ,  spouse(D ,A).
0.01125 negspouse(A,B)  :-  birthPlace(A ,C) ,  leader(C ,D) ,  president(D ,B).
0.01125 negspouse(A,B)  :-  predecessor(B ,C) ,  successor(C ,A).
0.01125 negspouse(A,B)  :-  restingPlace(B ,C) ,  deathPlace(D ,C) ,  parent(A ,D).
0.01125 negspouse(A,B)  :-  predecessor(B ,A) ,  successor(B ,A).
0.01125 negspouse(A,B)  :-  office(B ,C) ,  orderInOffice(D ,C) ,  successor(A ,D).
0.01125 negspouse(A,B)  :-  predecessor(B ,C) ,  country(C ,D) ,  birthPlace(A ,D).
0.01125 negspouse(A,B)  :-  spouse(A ,C) ,  predecessor(D ,C) ,  spouse(B ,D).
0.01125 negspouse(A,B)  :-  successor(A ,C) ,  orderInOffice(C ,D) ,  office(B ,D).
0.01125 negspouse(A,B)  :-  deathPlace(A ,C) ,  location(D ,C) ,  deathPlace(B ,D).
0.01125 negspouse(A,B)  :-  spouse(C ,B) ,  spouse(B ,C) ,  relative(A ,B).
0.01 negspouse(A,B)  :-  predecessor(C ,B) ,  leader(D ,C) ,  birthPlace(A ,D).
0.01 negspouse(A,B)  :-  spouse(C ,B) ,  successor(C ,D) ,  spouse(D ,A).
0.01 negspouse(A,B)  :-  predecessor(C ,B) ,  president(D ,C) ,  predecessor(D ,A).
0.01 negspouse(A,B)  :-  office(B ,C) ,  orderInOffice(A ,C).
0.01 negspouse(A,B)  :-  birthPlace(A ,C) ,  leader(C ,D) ,  predecessor(D ,B).
0.01 negspouse(A,B)  :-  successor(A ,C) ,  predecessor(B ,C).
0.01 negspouse(A,B)  :-  predecessor(A ,B) ,  office(B ,C) ,  office(A ,C).
0.01 negspouse(A,B)  :-  spouse(C ,A) ,  restingPlace(C ,D) ,  deathPlace(B ,D).
0.01 negspouse(A,B)  :-  office(B ,C) ,  orderInOffice(A ,C) ,  C=C.
0.01 negspouse(A,B)  :-  birthPlace(A ,C) ,  restingPlace(B ,C).
0.01 negspouse(A,B)  :-  successor(C ,B) ,  orderInOffice(C ,D) ,  office(A ,D).
0.01 negspouse(A,B)  :-  predecessor(C ,A) ,  president(C ,D) ,  predecessor(D ,B).
0.01 negspouse(A,B)  :-  birthPlace(A ,C) ,  residence(B ,C).
0.01 negspouse(A,B)  :-  office(A ,C) ,  orderInOffice(D ,C) ,  successor(D ,B).
0.01 negspouse(A,B)  :-  commander(C ,B) ,  place(C ,D) ,  deathPlace(A ,D).
0.01 negspouse(A,B)  :-  deathPlace(B ,C) ,  restingPlace(D ,C) ,  spouse(D ,A).
0.00875 negspouse(A,B)  :-  birthPlace(A ,C) ,  nationality(D ,C) ,  successor(B ,D).
0.00875 negspouse(A,B)  :-  spouse(C ,A) ,  restingPlace(C ,D) ,  birthPlace(B ,D).
0.00875 negspouse(A,B)  :-  successor(A ,B) ,  office(B ,C) ,  office(A ,C).
0.00875 negspouse(A,B)  :-  deathPlace(B ,C) ,  headquarter(D ,C) ,  party(A ,D).
0.00875 negspouse(A,B)  :-  birthPlace(A ,C) ,  leader(C ,D) ,  successor(B ,D).
0.00875 negspouse(A,B)  :-  party(A ,C) ,  headquarter(C ,D) ,  deathPlace(B ,D).
0.00875 negspouse(A,B)  :-  birthPlace(B ,C) ,  restingPlace(D ,C) ,  spouse(D ,A).
0.00875 negspouse(A,B)  :-  successor(B ,C) ,  nationality(C ,D) ,  birthPlace(A ,D).
0.00875 negspouse(A,B)  :-  primeMinister(B ,C) ,  deathPlace(C ,D) ,  birthPlace(A ,D).
0.00875 negspouse(A,B)  :-  birthPlace(A ,C) ,  country(B ,C).
0.00875 negspouse(A,B)  :-  successor(B ,C) ,  leader(D ,C) ,  birthPlace(A ,D).
0.00875 negspouse(A,B)  :-  deathPlace(A ,C) ,  country(D ,C) ,  party(B ,D).
0.00875 negspouse(A,B)  :-  party(B ,C) ,  country(C ,D) ,  deathPlace(A ,D).
0.00875 negspouse(A,B)  :-  successor(C ,B) ,  primeMinister(A ,C).
0.0075 negspouse(A,B)  :-  spouse(A ,C) ,  restingPlace(C ,D) ,  birthPlace(B ,D).
0.0075 negspouse(A,B)  :-  deathPlace(A ,C) ,  restingPlace(A ,C) ,  parent(B ,A).
0.0075 negspouse(A,B)  :-  birthPlace(B ,C) ,  restingPlace(D ,C) ,  spouse(A ,D).
0.0075 negspouse(A,B)  :-  successor(C ,B) ,  nationality(C ,D) ,  birthPlace(A ,D).
0.00625 negspouse(A,B)  :-  president(C ,A) ,  deathPlace(C ,D) ,  birthPlace(B ,D).
0.005 negspouse(A,B)  :-  predecessor(B ,A) ,  office(B ,C) ,  office(A ,C).